time_s,mode,reservoir_pressure_bar,blockage_fraction,frequency_hz,flow_m3d,intake_pressure_bar,discharge_pressure_bar,motor_current_a,motor_temperature_c,electrical_power_kw,pump_efficiency,tripped,first_out
0.0,pid,180.0,0.0,50.25,405.7143,81.3116,197.432,66.7963,65.0286,94.8695,0.653139,False,NONE
1.0,pid,180.0,0.0,50.5,411.2653,82.5645,199.4876,68.0217,65.058,96.6099,0.654643,False,NONE
2.0,pid,180.0,0.0,50.75,416.6577,83.7611,201.5023,69.2478,65.0883,98.3514,0.656041,False,NONE
3.0,pid,180.0,0.0,51.0,421.8961,84.9036,203.4785,70.4751,65.1194,100.0945,0.657342,False,NONE
4.0,pid,180.0,0.0,51.25,426.9848,85.994,205.4183,71.7041,65.1513,101.8401,0.658552,False,NONE
5.0,pid,180.0,0.0,51.5,431.9281,87.0344,207.324,72.9353,65.1842,103.5887,0.659676,False,NONE
6.0,pid,180.0,0.0,51.75,436.7301,88.0269,209.1975,74.169,65.2178,105.3409,0.66072,False,NONE
7.0,pid,180.0,0.0,52.0,441.395,88.9732,211.041,75.4057,65.2523,107.0973,0.661688,False,NONE
8.0,pid,180.0,0.0,52.25,445.9265,89.8752,212.8561,76.6457,65.2876,108.8585,0.662586,False,NONE
9.0,pid,180.0,0.0,52.5,450.3286,90.7346,214.6447,77.8894,65.3238,110.6248,0.663418,False,NONE
10.0,pid,180.0,0.0,52.75,454.605,91.5532,216.4085,79.137,65.3608,112.3968,0.664187,False,NONE
11.0,pid,180.0,0.0,53.0,458.7591,92.3326,218.1491,80.3889,65.3987,114.1749,0.664898,False,NONE
12.0,pid,180.0,0.0,53.25,462.7946,93.0744,219.8682,81.6454,65.4375,115.9595,0.665554,False,NONE
13.0,pid,180.0,0.0,53.5,466.7147,93.78,221.567,82.9067,65.477,117.7509,0.666158,False,NONE
14.0,pid,180.0,0.0,53.75,470.5229,94.451,223.2471,84.1732,65.5175,119.5496,0.666713,False,NONE
15.0,pid,180.0,0.0,54.0,474.2222,95.0887,224.9099,85.4449,65.5588,121.3558,0.667222,False,NONE
16.0,pid,180.0,0.0,54.25,477.8159,95.6945,226.5565,86.7222,65.6009,123.1699,0.667687,False,NONE
17.0,pid,180.0,0.0,54.5,481.3068,96.2696,228.1882,88.0052,65.6439,124.9921,0.668112,False,NONE
18.0,pid,180.0,0.0,54.75,484.6981,96.8155,229.8063,89.2941,65.6878,126.8227,0.668497,False,NONE
19.0,pid,180.0,0.0,55.0,487.9924,97.3332,231.4117,90.5891,65.7326,128.6621,0.668845,False,NONE
20.0,pid,180.0,0.0,55.25,491.1926,97.8239,233.0056,91.8904,65.7782,130.5103,0.669158,False,NONE
21.0,pid,180.0,0.0,55.5,494.3014,98.2887,234.589,93.1981,65.8247,132.3676,0.669438,False,NONE
22.0,pid,180.0,0.0,55.75,497.3214,98.7287,236.1628,94.5124,65.872,134.2343,0.669687,False,NONE
23.0,pid,180.0,0.0,56.0,500.255,99.145,237.728,95.8334,65.9203,136.1105,0.669905,False,NONE
24.0,pid,180.0,0.0,56.25,503.1049,99.5386,239.2854,97.1613,65.9694,137.9964,0.670095,False,NONE
25.0,pid,180.0,0.0,56.5,505.8733,99.9104,240.836,98.4961,66.0194,139.8921,0.670258,False,NONE
26.0,pid,180.0,0.0,56.75,508.5627,100.2612,242.3804,99.8379,66.0703,141.7979,0.670395,False,NONE
27.0,pid,180.0,0.0,57.0,511.1752,100.5922,243.9195,101.1869,66.1221,143.7139,0.670507,False,NONE
28.0,pid,180.0,0.0,57.25,513.713,100.904,245.4539,102.5432,66.1748,145.6402,0.670596,False,NONE
29.0,pid,180.0,0.0,57.5,516.1784,101.1975,246.9844,103.9068,66.2284,147.5769,0.670662,False,NONE
30.0,pid,180.0,0.0,57.75,518.5733,101.4734,248.5117,105.2778,66.2828,149.5241,0.670707,False,NONE
31.0,pid,180.0,0.0,58.0,520.8997,101.7327,250.0363,106.6563,66.3382,151.482,0.670731,False,NONE
32.0,pid,180.0,0.0,58.25,523.1597,101.9759,251.5589,108.0424,66.3945,153.4507,0.670735,False,NONE
33.0,pid,180.0,0.0,58.5,525.3552,102.2038,253.0799,109.4362,66.4517,155.4302,0.670721,False,NONE
34.0,pid,180.0,0.0,58.75,527.4879,102.4171,254.6001,110.8376,66.5099,157.4207,0.670688,False,NONE
35.0,pid,180.0,0.0,59.0,529.5597,102.6164,256.1198,112.2468,66.5689,159.4221,0.670638,False,NONE
36.0,pid,180.0,0.0,59.25,531.5722,102.8023,257.6396,113.6639,66.6289,161.4347,0.670571,False,NONE
37.0,pid,180.0,0.0,59.5,533.5273,102.9754,259.1599,115.0888,66.6898,163.4584,0.670488,False,NONE
38.0,pid,180.0,0.0,59.75,535.4265,103.1364,260.6812,116.5215,66.7517,165.4934,0.670389,False,NONE
39.0,pid,180.0,0.0,60.0,537.2715,103.2858,262.2039,117.9623,66.8144,167.5397,0.670275,False,NONE
40.0,pid,180.0,0.0,60.0,539.0637,103.424,262.1051,118.0888,66.8772,167.7193,0.670789,False,NONE
41.0,pid,180.0,0.0,60.0,540.8048,103.5517,262.0017,118.2105,66.9399,167.8923,0.671283,False,NONE
42.0,pid,180.0,0.0,60.0,542.4961,103.6693,261.894,118.3278,67.0025,168.0588,0.671759,False,NONE
43.0,pid,180.0,0.0,60.0,544.139,103.7773,261.7826,118.4407,67.0651,168.2191,0.672218,False,NONE
44.0,pid,180.0,0.0,60.0,545.7351,103.8761,261.6675,118.5494,67.1277,168.3735,0.672659,False,NONE
45.0,pid,180.0,0.0,60.0,547.2855,103.9661,261.5493,118.6541,67.1902,168.5222,0.673085,False,NONE
46.0,pid,180.0,0.0,60.0,548.7916,104.0479,261.4282,118.755,67.2527,168.6655,0.673496,False,NONE
47.0,pid,180.0,0.0,60.0,550.2547,104.1218,261.3044,118.8522,67.315,168.8036,0.673892,False,NONE
48.0,pid,180.0,0.0,60.0,551.676,104.1881,261.1782,118.9459,67.3774,168.9367,0.674273,False,NONE
49.0,pid,180.0,0.0,60.0,553.0567,104.2473,261.0499,119.0362,67.4396,169.0649,0.674641,False,NONE
50.0,pid,180.0,0.0,60.0,554.3979,104.2996,260.9197,119.1232,67.5018,169.1886,0.674996,False,NONE
51.0,pid,180.0,0.0,60.0,555.7009,104.3455,260.7878,119.2072,67.564,169.3078,0.675339,False,NONE
52.0,pid,180.0,0.0,60.0,556.9665,104.3853,260.6545,119.2881,67.6261,169.4227,0.675669,False,NONE
53.0,pid,180.0,0.0,60.0,558.1961,104.4193,260.5199,119.3662,67.688,169.5336,0.675988,False,NONE
54.0,pid,180.0,0.0,60.0,559.3905,104.4477,260.3842,119.4415,67.75,169.6406,0.676296,False,NONE
55.0,pid,180.0,0.0,60.0,560.5507,104.4709,260.2477,119.5142,67.8118,169.7438,0.676593,False,NONE
56.0,pid,180.0,0.0,60.0,561.6779,104.4892,260.1105,119.5843,67.8736,169.8433,0.67688,False,NONE
57.0,pid,180.0,0.0,60.0,562.7728,104.5027,259.9727,119.6519,67.9353,169.9394,0.677157,False,NONE
58.0,pid,180.0,0.0,60.0,563.8364,104.5118,259.8345,119.7172,67.9969,170.0322,0.677424,False,NONE
59.0,pid,180.0,0.0,60.0,564.8697,104.5168,259.6961,119.7803,68.0584,170.1217,0.677682,False,NONE
60.0,pid,180.0,0.0,60.0,565.8734,104.5177,259.5575,119.8411,68.1199,170.2081,0.677932,False,NONE
61.0,pid,180.0,0.0,60.0,566.8484,104.5149,259.419,119.8999,68.1812,170.2916,0.678172,False,NONE
62.0,pid,180.0,0.0,60.0,567.7956,104.5086,259.2806,119.9566,68.2425,170.3722,0.678405,False,NONE
63.0,pid,180.0,0.0,60.0,568.7157,104.499,259.1424,120.0114,68.3037,170.45,0.67863,False,NONE
64.0,pid,180.0,0.0,60.0,569.6096,104.4862,259.0046,120.0644,68.3648,170.5252,0.678848,False,NONE
65.0,pid,180.0,0.0,60.0,570.4779,104.4705,258.8672,120.1155,68.4258,170.5979,0.679058,False,NONE
66.0,pid,180.0,0.0,60.0,571.3214,104.452,258.7303,120.165,68.4867,170.6681,0.679261,False,NONE
67.0,pid,180.0,0.0,60.0,572.1408,104.4309,258.5941,120.2127,68.5475,170.7359,0.679457,False,NONE
68.0,pid,180.0,0.0,60.0,572.9367,104.4074,258.4585,120.2589,68.6083,170.8015,0.679647,False,NONE
69.0,pid,180.0,0.0,60.0,573.71,104.3817,258.3238,120.3035,68.6689,170.8648,0.679831,False,NONE
70.0,pid,180.0,0.0,60.0,574.4611,104.3538,258.1899,120.3466,68.7295,170.9261,0.680008,False,NONE
71.0,pid,180.0,0.0,60.0,575.1908,104.3239,258.0569,120.3883,68.7899,170.9853,0.68018,False,NONE
72.0,pid,180.0,0.0,60.0,575.8996,104.2922,257.9249,120.4286,68.8503,171.0426,0.680346,False,NONE
73.0,pid,180.0,0.0,60.0,576.5882,104.2587,257.7939,120.4676,68.9105,171.0979,0.680507,False,NONE
74.0,pid,180.0,0.0,60.0,577.2571,104.2237,257.664,120.5053,68.9707,171.1515,0.680662,False,NONE
75.0,pid,180.0,0.0,60.0,577.9069,104.1872,257.5352,120.5418,69.0307,171.2033,0.680813,False,NONE
76.0,pid,180.0,0.0,60.0,578.5381,104.1493,257.4076,120.5771,69.0907,171.2534,0.680958,False,NONE
77.0,pid,180.0,0.0,60.0,579.1513,104.1102,257.2812,120.6112,69.1506,171.3018,0.681099,False,NONE
78.0,pid,180.0,0.0,60.0,579.747,104.0699,257.1561,120.6442,69.2103,171.3487,0.681235,False,NONE
79.0,pid,180.0,0.0,60.0,580.3257,104.0286,257.0322,120.6761,69.27,171.3941,0.681367,False,NONE
80.0,pid,180.0,0.0,60.0,580.8878,103.9863,256.9097,120.7071,69.3296,171.438,0.681495,False,NONE
81.0,pid,180.0,0.0,60.0,581.4339,103.9431,256.7885,120.737,69.389,171.4805,0.681619,False,NONE
82.0,pid,180.0,0.0,60.0,581.9643,103.8991,256.6687,120.7659,69.4484,171.5216,0.681739,False,NONE
83.0,pid,180.0,0.0,60.0,582.4796,103.8545,256.5503,120.794,69.5076,171.5614,0.681854,False,NONE
84.0,pid,180.0,0.0,60.0,582.9802,103.8092,256.4333,120.8211,69.5668,171.6,0.681967,False,NONE
85.0,pid,180.0,0.0,60.0,583.4665,103.7633,256.3177,120.8474,69.6258,171.6373,0.682076,False,NONE
86.0,pid,180.0,0.0,60.0,583.9389,103.717,256.2036,120.8728,69.6848,171.6734,0.682181,False,NONE
87.0,pid,180.0,0.0,60.0,584.3978,103.6702,256.0909,120.8974,69.7436,171.7084,0.682283,False,NONE
88.0,pid,180.0,0.0,60.0,584.8435,103.6231,255.9797,120.9213,69.8023,171.7423,0.682382,False,NONE
89.0,pid,180.0,0.0,60.0,585.2766,103.5757,255.87,120.9444,69.861,171.7751,0.682477,False,NONE
90.0,pid,180.0,0.0,60.0,585.6973,103.528,255.7618,120.9667,69.9195,171.8068,0.68257,False,NONE
91.0,pid,180.0,0.0,60.0,586.1059,103.4801,255.655,120.9884,69.9779,171.8376,0.68266,False,NONE
92.0,pid,180.0,0.0,60.0,586.5029,103.4321,255.5498,121.0094,70.0362,171.8674,0.682747,False,NONE
93.0,pid,180.0,0.0,60.0,586.8885,103.384,255.4461,121.0297,70.0944,171.8963,0.682832,False,NONE
94.0,pid,180.0,0.0,60.0,587.2631,103.3358,255.3438,121.0494,70.1525,171.9243,0.682913,False,NONE
95.0,pid,180.0,0.0,60.0,587.627,103.2877,255.2431,121.0685,70.2105,171.9514,0.682993,False,NONE
96.0,pid,180.0,0.0,60.0,587.9805,103.2395,255.1439,121.087,70.2684,171.9776,0.683069,False,NONE
97.0,pid,180.0,0.0,60.0,588.324,103.1915,255.0462,121.1049,70.3262,172.0031,0.683144,False,NONE
98.0,pid,180.0,0.0,60.0,588.6576,103.1435,254.9499,121.1223,70.3838,172.0277,0.683216,False,NONE
99.0,pid,180.0,0.0,60.0,588.9816,103.0956,254.8552,121.1391,70.4414,172.0516,0.683286,False,NONE
100.0,pid,180.0,0.0,60.0,589.2964,103.048,254.7619,121.1554,70.4989,172.0748,0.683354,False,NONE
101.0,pid,180.0,0.0,60.0,589.6023,103.0005,254.6701,121.1712,70.5562,172.0973,0.68342,False,NONE
102.0,pid,180.0,0.0,60.0,589.8993,102.9532,254.5798,121.1865,70.6134,172.119,0.683483,False,NONE
103.0,pid,180.0,0.0,60.0,590.1879,102.9062,254.4909,121.2014,70.6706,172.1401,0.683545,False,NONE
104.0,pid,180.0,0.0,60.0,590.4683,102.8595,254.4035,121.2158,70.7276,172.1606,0.683605,False,NONE
105.0,pid,180.0,0.0,60.0,590.7406,102.8131,254.3176,121.2298,70.7845,172.1804,0.683663,False,NONE
106.0,pid,180.0,0.0,60.0,591.0052,102.767,254.233,121.2433,70.8413,172.1996,0.683719,False,NONE
107.0,pid,180.0,0.0,60.0,591.2622,102.7212,254.1499,121.2564,70.898,172.2182,0.683774,False,NONE
108.0,pid,180.0,0.0,60.0,591.5118,102.6758,254.0682,121.2691,70.9546,172.2363,0.683827,False,NONE
109.0,pid,180.0,0.0,60.0,591.7543,102.6308,253.9879,121.2815,71.0111,172.2538,0.683879,False,NONE
110.0,pid,180.0,0.0,60.0,591.9899,102.5861,253.909,121.2934,71.0674,172.2708,0.683928,False,NONE
111.0,pid,180.0,0.0,60.0,592.2188,102.5419,253.8314,121.305,71.1237,172.2873,0.683977,False,NONE
112.0,pid,180.0,0.0,60.0,592.4411,102.498,253.7552,121.3163,71.1798,172.3033,0.684024,False,NONE
113.0,pid,180.0,0.0,60.0,592.6571,102.4546,253.6803,121.3272,71.2359,172.3188,0.684069,False,NONE
114.0,pid,180.0,0.0,60.0,592.8669,102.4117,253.6068,121.3378,71.2918,172.3338,0.684113,False,NONE
115.0,pid,180.0,0.0,60.0,593.0707,102.3692,253.5346,121.348,71.3476,172.3484,0.684156,False,NONE
116.0,pid,180.0,0.0,60.0,593.2687,102.3271,253.4637,121.358,71.4033,172.3625,0.684198,False,NONE
117.0,pid,180.0,0.0,60.0,593.461,102.2855,253.394,121.3677,71.459,172.3763,0.684238,False,NONE
118.0,pid,180.0,0.0,60.0,593.6478,102.2444,253.3257,121.377,71.5144,172.3896,0.684277,False,NONE
119.0,pid,180.0,0.0,60.0,593.8293,102.2038,253.2586,121.3861,71.5698,172.4025,0.684315,False,NONE
120.0,pid,180.0,0.0,60.0,594.0056,102.1637,253.1927,121.3949,71.6251,172.415,0.684352,False,NONE
121.0,pid,180.0,0.0,60.0,594.1769,102.1241,253.128,121.4035,71.6803,172.4272,0.684387,False,NONE
122.0,pid,180.0,0.0,60.0,594.3432,102.0849,253.0646,121.4118,71.7353,172.4389,0.684422,False,NONE
123.0,pid,180.0,0.0,60.0,594.5049,102.0463,253.0023,121.4198,71.7903,172.4504,0.684456,False,NONE
124.0,pid,180.0,0.0,60.0,594.6619,102.0082,252.9413,121.4277,71.8451,172.4615,0.684488,False,NONE
125.0,pid,180.0,0.0,60.0,594.8144,101.9705,252.8813,121.4352,71.8999,172.4722,0.68452,False,NONE
126.0,pid,180.0,0.0,60.0,594.9625,101.9334,252.8226,121.4426,71.9545,172.4827,0.684551,False,NONE
127.0,pid,180.0,0.0,60.0,595.1065,101.8968,252.7649,121.4497,72.009,172.4928,0.684581,False,NONE
128.0,pid,180.0,0.0,60.0,595.2463,101.8607,252.7084,121.4567,72.0634,172.5027,0.68461,False,NONE
129.0,pid,180.0,0.0,60.0,595.3821,101.8252,252.6529,121.4634,72.1177,172.5122,0.684638,False,NONE
130.0,pid,180.0,0.0,60.0,595.5141,101.7901,252.5985,121.4699,72.1719,172.5215,0.684665,False,NONE
131.0,pid,180.0,0.0,60.0,595.6422,101.7556,252.5452,121.4762,72.226,172.5305,0.684691,False,NONE
132.0,pid,180.0,0.0,60.0,595.7667,101.7215,252.493,121.4824,72.28,172.5392,0.684717,False,NONE
133.0,pid,180.0,0.0,60.0,595.8877,101.688,252.4417,121.4883,72.3339,172.5477,0.684742,False,NONE
134.0,pid,180.0,0.0,60.0,596.0052,101.655,252.3915,121.4941,72.3876,172.5559,0.684766,False,NONE
135.0,pid,180.0,0.0,60.0,596.1193,101.6225,252.3423,121.4997,72.4413,172.5638,0.68479,False,NONE
136.0,pid,180.0,0.0,60.0,596.2302,101.5905,252.294,121.5052,72.4948,172.5716,0.684812,False,NONE
137.0,pid,180.0,0.0,60.0,596.3379,101.559,252.2467,121.5105,72.5483,172.5791,0.684835,False,NONE
138.0,pid,180.0,0.0,60.0,596.4425,101.528,252.2004,121.5156,72.6016,172.5864,0.684856,False,NONE
139.0,pid,180.0,0.0,60.0,596.5442,101.4975,252.155,121.5206,72.6548,172.5935,0.684877,False,NONE
140.0,pid,180.0,0.0,60.0,596.6429,101.4675,252.1105,121.5254,72.7079,172.6003,0.684897,False,NONE
141.0,pid,180.0,0.0,60.0,596.7388,101.438,252.067,121.5301,72.7609,172.607,0.684917,False,NONE
142.0,pid,180.0,0.0,60.0,596.832,101.409,252.0243,121.5347,72.8138,172.6135,0.684936,False,NONE
143.0,pid,180.0,0.0,60.0,596.9225,101.3805,251.9825,121.5391,72.8666,172.6198,0.684954,False,NONE
144.0,pid,180.0,0.0,60.0,597.0104,101.3524,251.9415,121.5434,72.9193,172.6259,0.684972,False,NONE
145.0,pid,180.0,0.0,60.0,597.0959,101.3248,251.9014,121.5476,72.9719,172.6318,0.68499,False,NONE
146.0,pid,180.0,0.0,60.0,597.1788,101.2977,251.8621,121.5516,73.0244,172.6376,0.685007,False,NONE
147.0,pid,180.0,0.0,60.0,597.2594,101.2711,251.8236,121.5556,73.0767,172.6431,0.685023,False,NONE
148.0,pid,180.0,0.0,60.0,597.3377,101.2449,251.786,121.5594,73.129,172.6486,0.685039,False,NONE
149.0,pid,180.0,0.0,60.0,597.4138,101.2192,251.7491,121.5631,73.1811,172.6538,0.685055,False,NONE
150.0,pid,180.0,0.0,60.0,597.4877,101.1939,251.713,121.5667,73.2332,172.6589,0.68507,False,NONE
151.0,pid,180.0,0.0,60.0,597.5595,101.1691,251.6776,121.5702,73.2851,172.6639,0.685085,False,NONE
152.0,pid,180.0,0.0,60.0,597.6292,101.1448,251.643,121.5736,73.337,172.6687,0.685099,False,NONE
153.0,pid,180.0,0.0,60.0,597.6969,101.1208,251.6091,121.5769,73.3887,172.6734,0.685113,False,NONE
154.0,pid,180.0,0.0,60.0,597.7627,101.0973,251.5759,121.5801,73.4403,172.6779,0.685126,False,NONE
155.0,pid,180.0,0.0,60.0,597.8267,101.0742,251.5435,121.5832,73.4919,172.6823,0.685139,False,NONE
156.0,pid,180.0,0.0,60.0,597.8888,101.0516,251.5117,121.5862,73.5433,172.6866,0.685152,False,NONE
157.0,pid,180.0,0.0,60.0,597.9491,101.0294,251.4806,121.5891,73.5946,172.6908,0.685164,False,NONE
158.0,pid,180.0,0.0,60.0,598.0077,101.0075,251.4501,121.5919,73.6458,172.6948,0.685176,False,NONE
159.0,pid,180.0,0.0,60.0,598.0646,100.9861,251.4204,121.5947,73.6969,172.6987,0.685187,False,NONE
160.0,pid,180.0,0.0,60.0,598.1199,100.9651,251.3912,121.5974,73.7479,172.7025,0.685198,False,NONE
161.0,pid,180.0,0.0,60.0,598.1736,100.9445,251.3627,121.6,73.7988,172.7062,0.685209,False,NONE
162.0,pid,180.0,0.0,60.0,598.2258,100.9243,251.3348,121.6025,73.8496,172.7098,0.68522,False,NONE
163.0,pid,180.0,0.0,60.0,598.2765,100.9044,251.3075,121.605,73.9003,172.7133,0.68523,False,NONE
164.0,pid,180.0,0.0,60.0,598.3257,100.885,251.2808,121.6073,73.9508,172.7167,0.68524,False,NONE
165.0,pid,180.0,0.0,60.0,598.3736,100.8659,251.2547,121.6096,74.0013,172.7199,0.68525,False,NONE
166.0,pid,180.0,0.0,60.0,598.42,100.8472,251.2291,121.6119,74.0517,172.7231,0.685259,False,NONE
167.0,pid,180.0,0.0,60.0,598.4652,100.8288,251.2041,121.6141,74.102,172.7262,0.685268,False,NONE
168.0,pid,180.0,0.0,60.0,598.509,100.8108,251.1797,121.6162,74.1521,172.7292,0.685277,False,NONE
169.0,pid,180.0,0.0,60.0,598.5516,100.7932,251.1558,121.6182,74.2022,172.7322,0.685286,False,NONE
170.0,pid,180.0,0.0,60.0,598.593,100.7759,251.1324,121.6202,74.2522,172.735,0.685294,False,NONE
171.0,pid,180.0,0.0,60.0,598.6332,100.7589,251.1095,121.6222,74.302,172.7378,0.685302,False,NONE
172.0,pid,180.0,0.0,60.0,598.6723,100.7423,251.0871,121.6241,74.3518,172.7404,0.68531,False,NONE
173.0,pid,180.0,0.0,60.0,598.7102,100.726,251.0652,121.6259,74.4014,172.743,0.685318,False,NONE
174.0,pid,180.0,0.0,60.0,598.7471,100.71,251.0438,121.6277,74.451,172.7455,0.685325,False,NONE
175.0,pid,180.0,0.0,60.0,598.7829,100.6944,251.0229,121.6294,74.5004,172.748,0.685333,False,NONE
176.0,pid,180.0,0.0,60.0,598.8176,100.679,251.0025,121.6311,74.5498,172.7504,0.68534,False,NONE
177.0,pid,180.0,0.0,60.0,598.8514,100.664,250.9825,121.6327,74.599,172.7527,0.685347,False,NONE
178.0,pid,180.0,0.0,60.0,598.8842,100.6493,250.9629,121.6343,74.6482,172.7549,0.685353,False,NONE
179.0,pid,180.0,0.0,60.0,598.9161,100.6349,250.9438,121.6358,74.6972,172.7571,0.68536,False,NONE
180.0,pid,180.0,0.0,60.0,598.9471,100.6207,250.9251,121.6373,74.7462,172.7592,0.685366,False,NONE
181.0,pid,180.0,0.0,60.0,598.9772,100.6069,250.9068,121.6387,74.795,172.7613,0.685372,False,NONE
182.0,pid,180.0,0.0,60.0,599.0064,100.5933,250.889,121.6402,74.8437,172.7633,0.685378,False,NONE
183.0,pid,180.0,0.0,60.0,599.0348,100.5801,250.8715,121.6415,74.8924,172.7652,0.685384,False,NONE
184.0,pid,180.0,0.0,60.0,599.0623,100.5671,250.8545,121.6428,74.9409,172.7671,0.685389,False,NONE
185.0,pid,180.0,0.0,60.0,599.0891,100.5543,250.8378,121.6441,74.9894,172.7689,0.685394,False,NONE
186.0,pid,180.0,0.0,60.0,599.1152,100.5419,250.8215,121.6454,75.0377,172.7707,0.6854,False,NONE
187.0,pid,180.0,0.0,60.0,599.1404,100.5297,250.8056,121.6466,75.0859,172.7724,0.685405,False,NONE
188.0,pid,180.0,0.0,60.0,599.165,100.5177,250.79,121.6478,75.1341,172.7741,0.68541,False,NONE
189.0,pid,180.0,0.0,60.0,599.1889,100.506,250.7748,121.6489,75.1821,172.7757,0.685415,False,NONE
190.0,pid,180.0,0.0,60.0,599.212,100.4945,250.7599,121.65,75.2301,172.7773,0.685419,False,NONE
191.0,pid,180.0,0.0,60.0,599.2345,100.4833,250.7454,121.6511,75.2779,172.7788,0.685424,False,NONE
192.0,pid,180.0,0.0,60.0,599.2564,100.4724,250.7312,121.6522,75.3256,172.7803,0.685428,False,NONE
193.0,pid,180.0,0.0,60.0,599.2777,100.4616,250.7173,121.6532,75.3733,172.7818,0.685432,False,NONE
194.0,pid,180.0,0.0,60.0,599.2983,100.4511,250.7038,121.6542,75.4208,172.7832,0.685437,False,NONE
195.0,pid,180.0,0.0,60.0,599.3184,100.4408,250.6905,121.6551,75.4683,172.7846,0.685441,False,NONE
196.0,pid,180.0,0.0,60.0,599.3378,100.4307,250.6776,121.6561,75.5156,172.7859,0.685445,False,NONE
197.0,pid,180.0,0.0,60.0,599.3567,100.4209,250.6649,121.657,75.5629,172.7872,0.685448,False,NONE
198.0,pid,180.0,0.0,60.0,599.3751,100.4112,250.6526,121.6579,75.61,172.7884,0.685452,False,NONE
199.0,pid,180.0,0.0,60.0,599.393,100.4018,250.6405,121.6587,75.6571,172.7896,0.685456,False,NONE
200.0,pid,180.0,0.0,60.0,599.4103,100.3926,250.6287,121.6595,75.7041,172.7908,0.685459,False,NONE
201.0,pid,180.0,0.0,60.0,599.4272,100.3835,250.6172,121.6604,75.7509,172.792,0.685463,False,NONE
202.0,pid,180.0,0.0,60.0,599.4435,100.3747,250.6059,121.6611,75.7977,172.7931,0.685466,False,NONE
203.0,pid,180.0,0.0,60.0,599.4594,100.366,250.595,121.6619,75.8444,172.7942,0.685469,False,NONE
204.0,pid,180.0,0.0,60.0,599.4749,100.3576,250.5842,121.6626,75.8909,172.7952,0.685472,False,NONE
205.0,pid,180.0,0.0,60.0,599.4899,100.3493,250.5737,121.6634,75.9374,172.7962,0.685475,False,NONE
206.0,pid,180.0,0.0,60.0,599.5045,100.3412,250.5635,121.6641,75.9838,172.7972,0.685478,False,NONE
207.0,pid,180.0,0.0,60.0,599.5186,100.3333,250.5535,121.6647,76.0301,172.7982,0.685481,False,NONE
208.0,pid,180.0,0.0,60.0,599.5324,100.3256,250.5437,121.6654,76.0763,172.7991,0.685484,False,NONE
209.0,pid,180.0,0.0,60.0,599.5457,100.318,250.5342,121.666,76.1223,172.8,0.685486,False,NONE
210.0,pid,180.0,0.0,60.0,599.5587,100.3106,250.5249,121.6667,76.1683,172.8009,0.685489,False,NONE
211.0,pid,180.0,0.0,60.0,599.5713,100.3033,250.5158,121.6673,76.2142,172.8018,0.685492,False,NONE
212.0,pid,180.0,0.0,60.0,599.5836,100.2963,250.5069,121.6678,76.26,172.8026,0.685494,False,NONE
213.0,pid,180.0,0.0,60.0,599.5955,100.2893,250.4982,121.6684,76.3058,172.8034,0.685496,False,NONE
214.0,pid,180.0,0.0,60.0,599.607,100.2826,250.4897,121.669,76.3514,172.8042,0.685499,False,NONE
215.0,pid,180.0,0.0,60.0,599.6183,100.276,250.4815,121.6695,76.3969,172.805,0.685501,False,NONE
216.0,pid,180.0,0.0,60.0,599.6292,100.2695,250.4734,121.67,76.4423,172.8057,0.685503,False,NONE
217.0,pid,180.0,0.0,60.0,599.6398,100.2632,250.4655,121.6705,76.4877,172.8064,0.685505,False,NONE
218.0,pid,180.0,0.0,60.0,599.65,100.257,250.4578,121.671,76.5329,172.8071,0.685507,False,NONE
219.0,pid,180.0,0.0,60.0,599.66,100.2509,250.4503,121.6715,76.578,172.8078,0.685509,False,NONE
220.0,pid,180.0,0.0,60.0,599.6698,100.245,250.4429,121.672,76.6231,172.8085,0.685511,False,NONE
221.0,pid,180.0,0.0,60.0,599.6792,100.2392,250.4358,121.6724,76.668,172.8091,0.685513,False,NONE
222.0,pid,180.0,0.0,60.0,599.6884,100.2336,250.4288,121.6729,76.7129,172.8097,0.685515,False,NONE
223.0,pid,180.0,0.0,60.0,599.6973,100.2281,250.4219,121.6733,76.7577,172.8103,0.685517,False,NONE
224.0,pid,180.0,0.0,60.0,599.7059,100.2227,250.4153,121.6737,76.8024,172.8109,0.685519,False,NONE
225.0,pid,180.0,0.0,60.0,599.7143,100.2174,250.4087,121.6741,76.8469,172.8115,0.68552,False,NONE
226.0,pid,180.0,0.0,60.0,599.7225,100.2122,250.4024,121.6745,76.8914,172.8121,0.685522,False,NONE
227.0,pid,180.0,0.0,60.0,599.7304,100.2072,250.3962,121.6749,76.9358,172.8126,0.685523,False,NONE
228.0,pid,180.0,0.0,60.0,599.7381,100.2023,250.3901,121.6752,76.9801,172.8131,0.685525,False,NONE
229.0,pid,180.0,0.0,60.0,599.7456,100.1975,250.3842,121.6756,77.0243,172.8136,0.685527,False,NONE
230.0,pid,180.0,0.0,60.0,599.7529,100.1928,250.3784,121.6759,77.0685,172.8141,0.685528,False,NONE
231.0,pid,180.0,0.0,60.0,599.7599,100.1882,250.3728,121.6763,77.1125,172.8146,0.685529,False,NONE
232.0,pid,180.0,0.0,60.0,599.7668,100.1837,250.3673,121.6766,77.1564,172.8151,0.685531,False,NONE
233.0,pid,180.0,0.0,60.0,599.7734,100.1793,250.3619,121.6769,77.2003,172.8155,0.685532,False,NONE
234.0,pid,180.0,0.0,60.0,599.7799,100.175,250.3567,121.6772,77.2441,172.816,0.685533,False,NONE
235.0,pid,180.0,0.0,60.0,599.7862,100.1708,250.3516,121.6775,77.2877,172.8164,0.685535,False,NONE
236.0,pid,180.0,0.0,60.0,599.7923,100.1667,250.3466,121.6778,77.3313,172.8168,0.685536,False,NONE
237.0,pid,180.0,0.0,60.0,599.7982,100.1627,250.3417,121.6781,77.3748,172.8172,0.685537,False,NONE
238.0,pid,180.0,0.0,60.0,599.804,100.1588,250.337,121.6784,77.4182,172.8176,0.685538,False,NONE
239.0,pid,180.0,0.0,60.0,599.8096,100.155,250.3323,121.6787,77.4615,172.818,0.685539,False,NONE
240.0,pid,180.0,0.0,60.0,599.8151,100.1513,250.3278,121.6789,77.5047,172.8183,0.68554,False,NONE
241.0,pid,180.0,0.0,60.0,599.8203,100.1477,250.3234,121.6792,77.5478,172.8187,0.685542,False,NONE
242.0,pid,180.0,0.0,60.0,599.8255,100.1441,250.3191,121.6794,77.5909,172.819,0.685543,False,NONE
243.0,pid,180.0,0.0,60.0,599.8305,100.1406,250.3149,121.6797,77.6338,172.8194,0.685544,False,NONE
244.0,pid,180.0,0.0,60.0,599.8353,100.1373,250.3108,121.6799,77.6767,172.8197,0.685545,False,NONE
245.0,pid,180.0,0.0,60.0,599.84,100.1339,250.3068,121.6801,77.7194,172.82,0.685545,False,NONE
246.0,pid,180.0,0.0,60.0,599.8446,100.1307,250.3028,121.6803,77.7621,172.8203,0.685546,False,NONE
247.0,pid,180.0,0.0,60.0,599.849,100.1275,250.299,121.6805,77.8047,172.8206,0.685547,False,NONE
248.0,pid,180.0,0.0,60.0,599.8533,100.1245,250.2953,121.6807,77.8472,172.8209,0.685548,False,NONE
249.0,pid,180.0,0.0,60.0,599.8575,100.1214,250.2917,121.6809,77.8896,172.8212,0.685549,False,NONE
250.0,pid,162.0,0.0,60.0,599.8616,99.6042,249.7738,121.6811,77.9319,172.8215,0.68555,False,NONE
251.0,pid,162.0,0.0,60.0,599.8655,99.1018,249.2708,121.6813,77.9742,172.8218,0.685551,False,NONE
252.0,pid,162.0,0.0,60.0,599.8694,98.6136,248.7821,121.6815,78.0163,172.822,0.685551,False,NONE
253.0,pid,162.0,0.0,60.0,599.8731,98.1394,248.3074,121.6817,78.0584,172.8223,0.685552,False,NONE
254.0,pid,162.0,0.0,60.0,599.8767,97.6788,247.8462,121.6819,78.1003,172.8225,0.685553,False,NONE
255.0,pid,162.0,0.0,60.0,599.8803,97.2313,247.3981,121.682,78.1422,172.8228,0.685554,False,NONE
256.0,pid,162.0,0.0,60.0,599.8837,96.7965,246.9629,121.6822,78.184,172.823,0.685554,False,NONE
257.0,pid,162.0,0.0,60.0,599.887,96.3742,246.5401,121.6824,78.2257,172.8232,0.685555,False,NONE
258.0,pid,162.0,0.0,60.0,599.8902,95.9639,246.1293,121.6825,78.2674,172.8234,0.685556,False,NONE
259.0,pid,162.0,0.0,60.0,599.8934,95.5654,245.7303,121.6827,78.3089,172.8237,0.685556,False,NONE
260.0,pid,162.0,0.0,60.0,599.8964,95.1782,245.3427,121.6828,78.3504,172.8239,0.685557,False,NONE
261.0,pid,162.0,0.0,60.0,599.8994,94.802,244.9661,121.6829,78.3917,172.8241,0.685557,False,NONE
262.0,pid,162.0,0.0,60.0,599.9023,94.4366,244.6003,121.6831,78.433,172.8243,0.685558,False,NONE
263.0,pid,162.0,0.0,60.0,599.905,94.0817,244.2449,121.6832,78.4742,172.8244,0.685558,False,NONE
264.0,pid,162.0,0.0,60.0,599.9078,93.7368,243.8997,121.6833,78.5153,172.8246,0.685559,False,NONE
265.0,pid,162.0,0.0,60.0,599.9104,93.4018,243.5643,121.6835,78.5563,172.8248,0.68556,False,NONE
266.0,pid,162.0,0.0,60.0,599.913,93.0764,243.2385,121.6836,78.5973,172.825,0.68556,False,NONE
267.0,pid,162.0,0.0,60.0,599.9154,92.7603,242.9219,121.6837,78.6381,172.8251,0.685561,False,NONE
268.0,pid,162.0,0.0,60.0,599.9179,92.4531,242.6145,121.6838,78.6789,172.8253,0.685561,False,NONE
269.0,pid,162.0,0.0,60.0,599.9202,92.1548,242.3158,121.6839,78.7196,172.8255,0.685562,False,NONE
270.0,pid,162.0,0.0,60.0,599.9225,91.8649,242.0256,121.6841,78.7602,172.8256,0.685562,False,NONE
271.0,pid,162.0,0.0,60.0,599.9247,91.5834,241.7437,121.6842,78.8007,172.8258,0.685562,False,NONE
272.0,pid,162.0,0.0,60.0,599.9269,91.3098,241.4698,121.6843,78.8411,172.8259,0.685563,False,NONE
273.0,pid,162.0,0.0,60.0,599.9289,91.0441,241.2038,121.6844,78.8815,172.8261,0.685563,False,NONE
274.0,pid,162.0,0.0,60.0,599.931,90.786,240.9454,121.6845,78.9217,172.8262,0.685564,False,NONE
275.0,pid,162.0,0.0,60.0,599.9329,90.5352,240.6943,121.6846,78.9619,172.8263,0.685564,False,NONE
276.0,pid,162.0,0.0,60.0,599.9349,90.2916,240.4504,121.6846,79.002,172.8265,0.685564,False,NONE
277.0,pid,162.0,0.0,60.0,599.9367,90.0549,240.2135,121.6847,79.042,172.8266,0.685565,False,NONE
278.0,pid,162.0,0.0,60.0,599.9385,89.825,239.9833,121.6848,79.0819,172.8267,0.685565,False,NONE
279.0,pid,162.0,0.0,60.0,599.9403,89.6017,239.7597,121.6849,79.1218,172.8268,0.685566,False,NONE
280.0,pid,162.0,0.0,60.0,599.942,89.3847,239.5425,121.685,79.1615,172.8269,0.685566,False,NONE
281.0,pid,162.0,0.0,60.0,599.9436,89.1739,239.3315,121.6851,79.2012,172.8271,0.685566,False,NONE
282.0,pid,162.0,0.0,60.0,599.9453,88.9692,239.1265,121.6851,79.2408,172.8272,0.685567,False,NONE
283.0,pid,162.0,0.0,60.0,599.9468,88.7702,238.9273,121.6852,79.2803,172.8273,0.685567,False,NONE
284.0,pid,162.0,0.0,60.0,599.9483,88.577,238.7338,121.6853,79.3197,172.8274,0.685567,False,NONE
285.0,pid,162.0,0.0,60.0,599.9498,88.3893,238.5459,121.6854,79.3591,172.8275,0.685567,False,NONE
286.0,pid,162.0,0.0,60.0,599.9513,88.2069,238.3633,121.6854,79.3984,172.8276,0.685568,False,NONE
287.0,pid,162.0,0.0,60.0,599.9526,88.0298,238.186,121.6855,79.4375,172.8277,0.685568,False,NONE
288.0,pid,162.0,0.0,60.0,599.954,87.8577,238.0137,121.6856,79.4766,172.8278,0.685568,False,NONE
289.0,pid,162.0,0.0,60.0,599.9553,87.6905,237.8463,121.6856,79.5157,172.8279,0.685569,False,NONE
290.0,pid,162.0,0.0,60.0,599.9566,87.528,237.6837,121.6857,79.5546,172.8279,0.685569,False,NONE
291.0,pid,162.0,0.0,60.0,599.9578,87.3703,237.5257,121.6857,79.5935,172.828,0.685569,False,NONE
292.0,pid,162.0,0.0,60.0,599.959,87.217,237.3722,121.6858,79.6322,172.8281,0.685569,False,NONE
293.0,pid,162.0,0.0,60.0,599.9602,87.0681,237.2232,121.6859,79.6709,172.8282,0.68557,False,NONE
294.0,pid,162.0,0.0,60.0,599.9613,86.9234,237.0783,121.6859,79.7096,172.8283,0.68557,False,NONE
295.0,pid,162.0,0.0,60.0,599.9624,86.7829,236.9377,121.686,79.7481,172.8283,0.68557,False,NONE
296.0,pid,162.0,0.0,60.0,599.9635,86.6464,236.801,121.686,79.7866,172.8284,0.68557,False,NONE
297.0,pid,162.0,0.0,60.0,599.9646,86.5138,236.6682,121.6861,79.8249,172.8285,0.68557,False,NONE
298.0,pid,162.0,0.0,60.0,599.9656,86.3849,236.5392,121.6861,79.8632,172.8285,0.685571,False,NONE
299.0,pid,162.0,0.0,60.0,599.9666,86.2598,236.4139,121.6862,79.9014,172.8286,0.685571,False,NONE
300.0,pid,162.0,0.0,60.0,599.9675,86.1382,236.2922,121.6862,79.9396,172.8287,0.685571,False,NONE
301.0,pid,162.0,0.0,60.0,599.9684,86.0201,236.1739,121.6862,79.9776,172.8287,0.685571,False,NONE
302.0,pid,162.0,0.0,60.0,599.9693,85.9053,236.0591,121.6863,80.0156,172.8288,0.685571,False,NONE
303.0,pid,162.0,0.0,60.0,599.9702,85.7939,235.9475,121.6863,80.0535,172.8289,0.685572,False,NONE
304.0,pid,162.0,0.0,60.0,599.9711,85.6856,235.8391,121.6864,80.0913,172.8289,0.685572,False,NONE
305.0,pid,162.0,0.0,60.0,599.9719,85.5804,235.7337,121.6864,80.1291,172.829,0.685572,False,NONE
306.0,pid,162.0,0.0,60.0,599.9727,85.4782,235.6314,121.6864,80.1667,172.829,0.685572,False,NONE
307.0,pid,162.0,0.0,60.0,599.9735,85.3789,235.532,121.6865,80.2043,172.8291,0.685572,False,NONE
308.0,pid,162.0,0.0,60.0,599.9742,85.2825,235.4355,121.6865,80.2418,172.8291,0.685572,False,NONE
309.0,pid,162.0,0.0,60.0,599.975,85.1888,235.3417,121.6866,80.2793,172.8292,0.685573,False,NONE
310.0,pid,162.0,0.0,60.0,599.9757,85.0978,235.2506,121.6866,80.3166,172.8292,0.685573,False,NONE
311.0,pid,162.0,0.0,60.0,599.9764,85.0093,235.1621,121.6866,80.3539,172.8293,0.685573,False,NONE
312.0,pid,162.0,0.0,60.0,599.9771,84.9235,235.0761,121.6867,80.3911,172.8293,0.685573,False,NONE
313.0,pid,162.0,0.0,60.0,599.9777,84.84,234.9925,121.6867,80.4282,172.8294,0.685573,False,NONE
314.0,pid,162.0,0.0,60.0,599.9784,84.759,234.9114,121.6867,80.4652,172.8294,0.685573,False,NONE
315.0,pid,162.0,0.0,60.0,599.979,84.6802,234.8325,121.6867,80.5022,172.8295,0.685573,False,NONE
316.0,pid,162.0,0.0,60.0,599.9796,84.6037,234.7559,121.6868,80.5391,172.8295,0.685573,False,NONE
317.0,pid,162.0,0.0,60.0,599.9802,84.5294,234.6815,121.6868,80.5759,172.8295,0.685574,False,NONE
318.0,pid,162.0,0.0,60.0,599.9807,84.4572,234.6093,121.6868,80.6126,172.8296,0.685574,False,NONE
319.0,pid,162.0,0.0,60.0,599.9813,84.3871,234.539,121.6869,80.6493,172.8296,0.685574,False,NONE
320.0,pid,162.0,0.0,60.0,599.9818,84.3189,234.4708,121.6869,80.6859,172.8296,0.685574,False,NONE
321.0,pid,162.0,0.0,60.0,599.9823,84.2527,234.4046,121.6869,80.7224,172.8297,0.685574,False,NONE
322.0,pid,162.0,0.0,60.0,599.9828,84.1884,234.3402,121.6869,80.7588,172.8297,0.685574,False,NONE
323.0,pid,162.0,0.0,60.0,599.9833,84.126,234.2777,121.687,80.7951,172.8298,0.685574,False,NONE
324.0,pid,162.0,0.0,60.0,599.9838,84.0653,234.2169,121.687,80.8314,172.8298,0.685574,False,NONE
325.0,pid,162.0,0.0,60.0,599.9843,84.0063,234.1579,121.687,80.8676,172.8298,0.685574,False,NONE
326.0,pid,162.0,0.0,60.0,599.9847,83.9491,234.1006,121.687,80.9037,172.8298,0.685574,False,NONE
327.0,pid,162.0,0.0,60.0,599.9851,83.8935,234.0449,121.687,80.9398,172.8299,0.685575,False,NONE
328.0,pid,162.0,0.0,60.0,599.9856,83.8394,233.9908,121.6871,80.9758,172.8299,0.685575,False,NONE
329.0,pid,162.0,0.0,60.0,599.986,83.7869,233.9382,121.6871,81.0117,172.8299,0.685575,False,NONE
330.0,pid,162.0,0.0,60.0,599.9864,83.7359,233.8871,121.6871,81.0475,172.83,0.685575,False,NONE
331.0,pid,162.0,0.0,60.0,599.9868,83.6864,233.8375,121.6871,81.0832,172.83,0.685575,False,NONE
332.0,pid,162.0,0.0,60.0,599.9872,83.6382,233.7893,121.6871,81.1189,172.83,0.685575,False,NONE
333.0,pid,162.0,0.0,60.0,599.9875,83.5915,233.7425,121.6872,81.1545,172.83,0.685575,False,NONE
334.0,pid,162.0,0.0,60.0,599.9879,83.546,233.697,121.6872,81.19,172.8301,0.685575,False,NONE
335.0,pid,162.0,0.0,60.0,599.9882,83.5019,233.6529,121.6872,81.2255,172.8301,0.685575,False,NONE
336.0,pid,162.0,0.0,60.0,599.9886,83.459,233.61,121.6872,81.2609,172.8301,0.685575,False,NONE
337.0,pid,162.0,0.0,60.0,599.9889,83.4174,233.5683,121.6872,81.2962,172.8301,0.685575,False,NONE
338.0,pid,162.0,0.0,60.0,599.9892,83.3769,233.5278,121.6872,81.3314,172.8301,0.685575,False,NONE
339.0,pid,162.0,0.0,60.0,599.9895,83.3376,233.4884,121.6873,81.3666,172.8302,0.685575,False,NONE
340.0,pid,162.0,0.0,60.0,599.9898,83.2995,233.4502,121.6873,81.4017,172.8302,0.685575,False,NONE
341.0,pid,162.0,0.0,60.0,599.9901,83.2624,233.4131,121.6873,81.4367,172.8302,0.685576,False,NONE
342.0,pid,162.0,0.0,60.0,599.9904,83.2263,233.377,121.6873,81.4716,172.8302,0.685576,False,NONE
343.0,pid,162.0,0.0,60.0,599.9907,83.1913,233.3419,121.6873,81.5065,172.8302,0.685576,False,NONE
344.0,pid,162.0,0.0,60.0,599.9909,83.1573,233.3079,121.6873,81.5413,172.8303,0.685576,False,NONE
345.0,pid,162.0,0.0,60.0,599.9912,83.1243,233.2748,121.6873,81.576,172.8303,0.685576,False,NONE
346.0,pid,162.0,0.0,60.0,599.9914,83.0922,233.2427,121.6873,81.6106,172.8303,0.685576,False,NONE
347.0,pid,162.0,0.0,60.0,599.9917,83.061,233.2115,121.6874,81.6452,172.8303,0.685576,False,NONE
348.0,pid,162.0,0.0,60.0,599.9919,83.0308,233.1812,121.6874,81.6797,172.8303,0.685576,False,NONE
349.0,pid,162.0,0.0,60.0,599.9922,83.0013,233.1517,121.6874,81.7141,172.8303,0.685576,False,NONE
350.0,pid,162.0,0.0,60.0,599.9924,82.9728,233.1231,121.6874,81.7485,172.8304,0.685576,False,NONE
351.0,pid,162.0,0.0,60.0,599.9926,82.945,233.0953,121.6874,81.7828,172.8304,0.685576,False,NONE
352.0,pid,162.0,0.0,60.0,599.9928,82.918,233.0683,121.6874,81.817,172.8304,0.685576,False,NONE
353.0,pid,162.0,0.0,60.0,599.993,82.8918,233.0421,121.6874,81.8512,172.8304,0.685576,False,NONE
354.0,pid,162.0,0.0,60.0,599.9932,82.8664,233.0166,121.6874,81.8852,172.8304,0.685576,False,NONE
355.0,pid,162.0,0.0,60.0,599.9934,82.8416,232.9918,121.6874,81.9192,172.8304,0.685576,False,NONE
356.0,pid,162.0,0.0,60.0,599.9936,82.8176,232.9678,121.6874,81.9532,172.8304,0.685576,False,NONE
357.0,pid,162.0,0.0,60.0,599.9938,82.7943,232.9444,121.6875,81.987,172.8305,0.685576,False,NONE
358.0,pid,162.0,0.0,60.0,599.994,82.7716,232.9217,121.6875,82.0208,172.8305,0.685576,False,NONE
359.0,pid,162.0,0.0,60.0,599.9941,82.7496,232.8997,121.6875,82.0546,172.8305,0.685576,False,NONE
360.0,pid,162.0,0.0,60.0,599.9943,82.7282,232.8782,121.6875,82.0882,172.8305,0.685576,False,NONE
361.0,pid,162.0,0.0,60.0,599.9945,82.7074,232.8574,121.6875,82.1218,172.8305,0.685576,False,NONE
362.0,pid,162.0,0.0,60.0,599.9946,82.6872,232.8372,121.6875,82.1553,172.8305,0.685576,False,NONE
363.0,pid,162.0,0.0,60.0,599.9948,82.6676,232.8176,121.6875,82.1887,172.8305,0.685576,False,NONE
364.0,pid,162.0,0.0,60.0,599.9949,82.6485,232.7985,121.6875,82.2221,172.8305,0.685577,False,NONE
365.0,pid,162.0,0.0,60.0,599.9951,82.63,232.78,121.6875,82.2554,172.8305,0.685577,False,NONE
366.0,pid,162.0,0.0,60.0,599.9952,82.612,232.762,121.6875,82.2887,172.8306,0.685577,False,NONE
367.0,pid,162.0,0.0,60.0,599.9953,82.5946,232.7445,121.6875,82.3218,172.8306,0.685577,False,NONE
368.0,pid,162.0,0.0,60.0,599.9955,82.5776,232.7275,121.6875,82.3549,172.8306,0.685577,False,NONE
369.0,pid,162.0,0.0,60.0,599.9956,82.5611,232.711,121.6875,82.3879,172.8306,0.685577,False,NONE
370.0,pid,162.0,0.0,60.0,599.9957,82.5451,232.695,121.6875,82.4209,172.8306,0.685577,False,NONE
371.0,pid,162.0,0.0,60.0,599.9959,82.5295,232.6794,121.6876,82.4538,172.8306,0.685577,False,NONE
372.0,pid,162.0,0.0,60.0,599.996,82.5144,232.6642,121.6876,82.4866,172.8306,0.685577,False,NONE
373.0,pid,162.0,0.0,60.0,599.9961,82.4997,232.6495,121.6876,82.5194,172.8306,0.685577,False,NONE
374.0,pid,162.0,0.0,60.0,599.9962,82.4855,232.6353,121.6876,82.552,172.8306,0.685577,False,NONE
375.0,pid,162.0,0.0,60.0,599.9963,82.4716,232.6214,121.6876,82.5847,172.8306,0.685577,False,NONE
376.0,pid,162.0,0.0,60.0,599.9964,82.4582,232.6079,121.6876,82.6172,172.8306,0.685577,False,NONE
377.0,pid,162.0,0.0,60.0,599.9965,82.4451,232.5948,121.6876,82.6497,172.8306,0.685577,False,NONE
378.0,pid,162.0,0.0,60.0,599.9966,82.4324,232.5821,121.6876,82.6821,172.8307,0.685577,False,NONE
379.0,pid,162.0,0.0,60.0,599.9967,82.42,232.5697,121.6876,82.7144,172.8307,0.685577,False,NONE
380.0,pid,162.0,0.0,60.0,599.9968,82.4081,232.5577,121.6876,82.7467,172.8307,0.685577,False,NONE
381.0,pid,162.0,0.0,60.0,599.9969,82.3964,232.5461,121.6876,82.7789,172.8307,0.685577,False,NONE
382.0,pid,162.0,0.0,60.0,599.997,82.3851,232.5348,121.6876,82.8111,172.8307,0.685577,False,NONE
383.0,pid,162.0,0.0,60.0,599.9971,82.3741,232.5238,121.6876,82.8432,172.8307,0.685577,False,NONE
384.0,pid,162.0,0.0,60.0,599.9972,82.3634,232.5131,121.6876,82.8752,172.8307,0.685577,False,NONE
385.0,pid,162.0,0.0,60.0,599.9972,82.3531,232.5027,121.6876,82.9071,172.8307,0.685577,False,NONE
386.0,pid,162.0,0.0,60.0,599.9973,82.343,232.4926,121.6876,82.939,172.8307,0.685577,False,NONE
387.0,pid,162.0,0.0,60.0,599.9974,82.3332,232.4828,121.6876,82.9708,172.8307,0.685577,False,NONE
388.0,pid,162.0,0.0,60.0,599.9975,82.3237,232.4733,121.6876,83.0025,172.8307,0.685577,False,NONE
389.0,pid,162.0,0.0,60.0,599.9975,82.3144,232.464,121.6876,83.0342,172.8307,0.685577,False,NONE
390.0,pid,162.0,0.0,60.0,599.9976,82.3055,232.455,121.6876,83.0658,172.8307,0.685577,False,NONE
391.0,pid,162.0,0.0,60.0,599.9977,82.2967,232.4463,121.6876,83.0974,172.8307,0.685577,False,NONE
392.0,pid,162.0,0.0,60.0,599.9977,82.2883,232.4378,121.6876,83.1289,172.8307,0.685577,False,NONE
393.0,pid,162.0,0.0,60.0,599.9978,82.28,232.4296,121.6876,83.1603,172.8307,0.685577,False,NONE
394.0,pid,162.0,0.0,60.0,599.9979,82.2721,232.4216,121.6876,83.1916,172.8307,0.685577,False,NONE
395.0,pid,162.0,0.0,60.0,599.9979,82.2643,232.4138,121.6877,83.2229,172.8307,0.685577,False,NONE
396.0,pid,162.0,0.0,60.0,599.998,82.2567,232.4063,121.6877,83.2541,172.8307,0.685577,False,NONE
397.0,pid,162.0,0.0,60.0,599.998,82.2494,232.3989,121.6877,83.2853,172.8307,0.685577,False,NONE
398.0,pid,162.0,0.0,60.0,599.9981,82.2423,232.3918,121.6877,83.3164,172.8308,0.685577,False,NONE
399.0,pid,162.0,0.0,60.0,599.9982,82.2354,232.3849,121.6877,83.3474,172.8308,0.685577,False,NONE
400.0,pid,162.0,0.0,60.0,599.9982,82.2287,232.3781,121.6877,83.3783,172.8308,0.685577,False,NONE
401.0,pid,162.0,0.0,60.0,599.9983,82.2221,232.3716,121.6877,83.4092,172.8308,0.685577,False,NONE
402.0,pid,162.0,0.0,60.0,599.9983,82.2158,232.3653,121.6877,83.4401,172.8308,0.685577,False,NONE
403.0,pid,162.0,0.0,60.0,599.9984,82.2096,232.3591,121.6877,83.4708,172.8308,0.685577,False,NONE
404.0,pid,162.0,0.0,60.0,599.9984,82.2037,232.3531,121.6877,83.5015,172.8308,0.685577,False,NONE
405.0,pid,162.0,0.0,60.0,599.9985,82.1978,232.3473,121.6877,83.5322,172.8308,0.685577,False,NONE
406.0,pid,162.0,0.0,60.0,599.9985,82.1922,232.3416,121.6877,83.5627,172.8308,0.685577,False,NONE
407.0,pid,162.0,0.0,60.0,599.9985,82.1867,232.3361,121.6877,83.5933,172.8308,0.685577,False,NONE
408.0,pid,162.0,0.0,60.0,599.9986,82.1814,232.3308,121.6877,83.6237,172.8308,0.685577,False,NONE
409.0,pid,162.0,0.0,60.0,599.9986,82.1762,232.3256,121.6877,83.6541,172.8308,0.685577,False,NONE
410.0,pid,162.0,0.0,60.0,599.9987,82.1712,232.3206,121.6877,83.6844,172.8308,0.685577,False,NONE
411.0,pid,162.0,0.0,60.0,599.9987,82.1663,232.3157,121.6877,83.7147,172.8308,0.685577,False,NONE
412.0,pid,162.0,0.0,60.0,599.9987,82.1615,232.3109,121.6877,83.7449,172.8308,0.685577,False,NONE
413.0,pid,162.0,0.0,60.0,599.9988,82.1569,232.3063,121.6877,83.775,172.8308,0.685577,False,NONE
414.0,pid,162.0,0.0,60.0,599.9988,82.1525,232.3018,121.6877,83.8051,172.8308,0.685577,False,NONE
415.0,pid,162.0,0.0,60.0,599.9988,82.1481,232.2975,121.6877,83.8351,172.8308,0.685577,False,NONE
416.0,pid,162.0,0.0,60.0,599.9989,82.1439,232.2933,121.6877,83.865,172.8308,0.685577,False,NONE
417.0,pid,162.0,0.0,60.0,599.9989,82.1398,232.2891,121.6877,83.8949,172.8308,0.685577,False,NONE
418.0,pid,162.0,0.0,60.0,599.9989,82.1358,232.2852,121.6877,83.9247,172.8308,0.685577,False,NONE
419.0,pid,162.0,0.0,60.0,599.999,82.1319,232.2813,121.6877,83.9545,172.8308,0.685577,False,NONE
420.0,pid,162.0,0.0,60.0,599.999,82.1281,232.2775,121.6877,83.9842,172.8308,0.685577,False,NONE
421.0,pid,162.0,0.0,60.0,599.999,82.1245,232.2738,121.6877,84.0138,172.8308,0.685577,False,NONE
422.0,pid,162.0,0.0,60.0,599.9991,82.1209,232.2703,121.6877,84.0434,172.8308,0.685577,False,NONE
423.0,pid,162.0,0.0,60.0,599.9991,82.1175,232.2668,121.6877,84.0729,172.8308,0.685577,False,NONE
424.0,pid,162.0,0.0,60.0,599.9991,82.1141,232.2635,121.6877,84.1023,172.8308,0.685577,False,NONE
425.0,pid,162.0,0.0,60.0,599.9991,82.1109,232.2602,121.6877,84.1317,172.8308,0.685577,False,NONE
426.0,pid,162.0,0.0,60.0,599.9992,82.1077,232.257,121.6877,84.161,172.8308,0.685577,False,NONE
427.0,pid,162.0,0.0,60.0,599.9992,82.1046,232.254,121.6877,84.1903,172.8308,0.685577,False,NONE
428.0,pid,162.0,0.0,60.0,599.9992,82.1016,232.251,121.6877,84.2195,172.8308,0.685577,False,NONE
429.0,pid,162.0,0.0,60.0,599.9992,82.0987,232.2481,121.6877,84.2486,172.8308,0.685577,False,NONE
430.0,pid,162.0,0.0,60.0,599.9992,82.0959,232.2453,121.6877,84.2777,172.8308,0.685577,False,NONE
431.0,pid,162.0,0.0,60.0,599.9993,82.0932,232.2425,121.6877,84.3067,172.8308,0.685577,False,NONE
432.0,pid,162.0,0.0,60.0,599.9993,82.0905,232.2398,121.6877,84.3357,172.8308,0.685577,False,NONE
433.0,pid,162.0,0.0,60.0,599.9993,82.0879,232.2373,121.6877,84.3646,172.8308,0.685577,False,NONE
434.0,pid,162.0,0.0,60.0,599.9993,82.0854,232.2347,121.6877,84.3934,172.8308,0.685577,False,NONE
435.0,pid,162.0,0.0,60.0,599.9994,82.083,232.2323,121.6877,84.4222,172.8308,0.685577,False,NONE
436.0,pid,162.0,0.0,60.0,599.9994,82.0806,232.2299,121.6877,84.4509,172.8308,0.685577,False,NONE
437.0,pid,162.0,0.0,60.0,599.9994,82.0783,232.2276,121.6877,84.4796,172.8308,0.685577,False,NONE
438.0,pid,162.0,0.0,60.0,599.9994,82.0761,232.2254,121.6877,84.5082,172.8308,0.685577,False,NONE
439.0,pid,162.0,0.0,60.0,599.9994,82.0739,232.2232,121.6877,84.5367,172.8308,0.685577,False,NONE
440.0,pid,162.0,0.0,60.0,599.9994,82.0718,232.2211,121.6877,84.5652,172.8308,0.685577,False,NONE
441.0,pid,162.0,0.0,60.0,599.9995,82.0698,232.2191,121.6877,84.5936,172.8308,0.685577,False,NONE
442.0,pid,162.0,0.0,60.0,599.9995,82.0678,232.2171,121.6877,84.622,172.8308,0.685577,False,NONE
443.0,pid,162.0,0.0,60.0,599.9995,82.0658,232.2151,121.6877,84.6503,172.8308,0.685577,False,NONE
444.0,pid,162.0,0.0,60.0,599.9995,82.064,232.2132,121.6877,84.6786,172.8308,0.685577,False,NONE
445.0,pid,162.0,0.0,60.0,599.9995,82.0621,232.2114,121.6877,84.7067,172.8308,0.685577,False,NONE
446.0,pid,162.0,0.0,60.0,599.9995,82.0604,232.2096,121.6877,84.7349,172.8308,0.685577,False,NONE
447.0,pid,162.0,0.0,60.0,599.9995,82.0586,232.2079,121.6877,84.7629,172.8309,0.685577,False,NONE
448.0,pid,162.0,0.0,60.0,599.9996,82.057,232.2062,121.6877,84.7909,172.8309,0.685577,False,NONE
449.0,pid,162.0,0.0,60.0,599.9996,82.0553,232.2046,121.6877,84.8189,172.8309,0.685577,False,NONE
450.0,pid,162.0,0.0,60.0,599.9996,82.0538,232.203,121.6877,84.8468,172.8309,0.685577,False,NONE
451.0,pid,162.0,0.0,60.0,599.9996,82.0522,232.2015,121.6877,84.8746,172.8309,0.685577,False,NONE
452.0,pid,162.0,0.0,60.0,599.9996,82.0507,232.2,121.6877,84.9024,172.8309,0.685577,False,NONE
453.0,pid,162.0,0.0,60.0,599.9996,82.0493,232.1986,121.6877,84.9301,172.8309,0.685577,False,NONE
454.0,pid,162.0,0.0,60.0,599.9996,82.0479,232.1971,121.6877,84.9578,172.8309,0.685577,False,NONE
455.0,pid,162.0,0.0,60.0,599.9996,82.0465,232.1958,121.6877,84.9854,172.8309,0.685577,False,NONE
456.0,pid,162.0,0.0,60.0,599.9996,82.0452,232.1944,121.6877,85.0129,172.8309,0.685577,False,NONE
457.0,pid,162.0,0.0,60.0,599.9997,82.0439,232.1932,121.6877,85.0404,172.8309,0.685577,False,NONE
458.0,pid,162.0,0.0,60.0,599.9997,82.0426,232.1919,121.6877,85.0679,172.8309,0.685577,False,NONE
459.0,pid,162.0,0.0,60.0,599.9997,82.0414,232.1907,121.6877,85.0952,172.8309,0.685577,False,NONE
460.0,pid,162.0,0.0,60.0,599.9997,82.0402,232.1895,121.6877,85.1225,172.8309,0.685577,False,NONE
461.0,pid,162.0,0.0,60.0,599.9997,82.0391,232.1884,121.6877,85.1498,172.8309,0.685577,False,NONE
462.0,pid,162.0,0.0,60.0,599.9997,82.038,232.1872,121.6877,85.177,172.8309,0.685577,False,NONE
463.0,pid,162.0,0.0,60.0,599.9997,82.0369,232.1862,121.6877,85.2042,172.8309,0.685577,False,NONE
464.0,pid,162.0,0.0,60.0,599.9997,82.0358,232.1851,121.6877,85.2312,172.8309,0.685577,False,NONE
465.0,pid,162.0,0.0,60.0,599.9997,82.0348,232.1841,121.6877,85.2583,172.8309,0.685577,False,NONE
466.0,pid,162.0,0.0,60.0,599.9997,82.0338,232.1831,121.6877,85.2853,172.8309,0.685577,False,NONE
467.0,pid,162.0,0.0,60.0,599.9997,82.0329,232.1821,121.6877,85.3122,172.8309,0.685577,False,NONE
468.0,pid,162.0,0.0,60.0,599.9998,82.0319,232.1812,121.6877,85.339,172.8309,0.685577,False,NONE
469.0,pid,162.0,0.0,60.0,599.9998,82.031,232.1803,121.6877,85.3659,172.8309,0.685577,False,NONE
470.0,pid,162.0,0.0,60.0,599.9998,82.0301,232.1794,121.6877,85.3926,172.8309,0.685577,False,NONE
471.0,pid,162.0,0.0,60.0,599.9998,82.0293,232.1785,121.6877,85.4193,172.8309,0.685577,False,NONE
472.0,pid,162.0,0.0,60.0,599.9998,82.0284,232.1777,121.6877,85.446,172.8309,0.685577,False,NONE
473.0,pid,162.0,0.0,60.0,599.9998,82.0276,232.1769,121.6877,85.4725,172.8309,0.685577,False,NONE
474.0,pid,162.0,0.0,60.0,599.9998,82.0268,232.1761,121.6877,85.4991,172.8309,0.685577,False,NONE
475.0,pid,162.0,0.0,60.0,599.9998,82.0261,232.1753,121.6877,85.5255,172.8309,0.685577,False,NONE
476.0,pid,162.0,0.0,60.0,599.9998,82.0253,232.1746,121.6877,85.552,172.8309,0.685577,False,NONE
477.0,pid,162.0,0.0,60.0,599.9998,82.0246,232.1738,121.6877,85.5783,172.8309,0.685577,False,NONE
478.0,pid,162.0,0.0,60.0,599.9998,82.0239,232.1731,121.6877,85.6046,172.8309,0.685577,False,NONE
479.0,pid,162.0,0.0,60.0,599.9998,82.0232,232.1725,121.6877,85.6309,172.8309,0.685577,False,NONE
480.0,pid,162.0,0.0,60.0,599.9998,82.0225,232.1718,121.6877,85.6571,172.8309,0.685577,False,NONE
481.0,pid,162.0,0.0,60.0,599.9998,82.0219,232.1711,121.6877,85.6832,172.8309,0.685577,False,NONE
482.0,pid,162.0,0.0,60.0,599.9998,82.0213,232.1705,121.6877,85.7093,172.8309,0.685577,False,NONE
483.0,pid,162.0,0.0,60.0,599.9998,82.0207,232.1699,121.6877,85.7354,172.8309,0.685577,False,NONE
484.0,pid,162.0,0.0,60.0,599.9998,82.0201,232.1693,121.6877,85.7614,172.8309,0.685577,False,NONE
485.0,pid,162.0,0.0,60.0,599.9998,82.0195,232.1688,121.6877,85.7873,172.8309,0.685577,False,NONE
486.0,pid,162.0,0.0,60.0,599.9999,82.019,232.1682,121.6877,85.8132,172.8309,0.685577,False,NONE
487.0,pid,162.0,0.0,60.0,599.9999,82.0184,232.1677,121.6877,85.839,172.8309,0.685577,False,NONE
488.0,pid,162.0,0.0,60.0,599.9999,82.0179,232.1671,121.6877,85.8648,172.8309,0.685577,False,NONE
489.0,pid,162.0,0.0,60.0,599.9999,82.0174,232.1666,121.6877,85.8905,172.8309,0.685577,False,NONE
490.0,pid,162.0,0.0,60.0,599.9999,82.0169,232.1661,121.6877,85.9161,172.8309,0.685577,False,NONE
491.0,pid,162.0,0.0,60.0,599.9999,82.0164,232.1656,121.6877,85.9417,172.8309,0.685577,False,NONE
492.0,pid,162.0,0.0,60.0,599.9999,82.0159,232.1652,121.6877,85.9673,172.8309,0.685577,False,NONE
493.0,pid,162.0,0.0,60.0,599.9999,82.0155,232.1647,121.6877,85.9928,172.8309,0.685577,False,NONE
494.0,pid,162.0,0.0,60.0,599.9999,82.015,232.1643,121.6877,86.0182,172.8309,0.685577,False,NONE
495.0,pid,162.0,0.0,60.0,599.9999,82.0146,232.1638,121.6877,86.0436,172.8309,0.685578,False,NONE
496.0,pid,162.0,0.0,60.0,599.9999,82.0142,232.1634,121.6877,86.069,172.8309,0.685578,False,NONE
497.0,pid,162.0,0.0,60.0,599.9999,82.0138,232.163,121.6877,86.0943,172.8309,0.685578,False,NONE
498.0,pid,162.0,0.0,60.0,599.9999,82.0134,232.1626,121.6877,86.1195,172.8309,0.685578,False,NONE
499.0,pid,162.0,0.0,60.0,599.9999,82.013,232.1622,121.6877,86.1447,172.8309,0.685578,False,NONE
500.0,pid,162.0,0.0,60.0,599.9999,82.0126,232.1619,121.6877,86.1698,172.8309,0.685578,False,NONE
501.0,pid,162.0,0.0,60.0,599.9999,82.0123,232.1615,121.6877,86.1949,172.8309,0.685578,False,NONE
502.0,pid,162.0,0.0,60.0,599.9999,82.0119,232.1612,121.6877,86.2199,172.8309,0.685578,False,NONE
503.0,pid,162.0,0.0,60.0,599.9999,82.0116,232.1608,121.6877,86.2449,172.8309,0.685578,False,NONE
504.0,pid,162.0,0.0,60.0,599.9999,82.0113,232.1605,121.6877,86.2698,172.8309,0.685578,False,NONE
505.0,pid,162.0,0.0,60.0,599.9999,82.0109,232.1602,121.6877,86.2947,172.8309,0.685578,False,NONE
506.0,pid,162.0,0.0,60.0,599.9999,82.0106,232.1599,121.6877,86.3195,172.8309,0.685578,False,NONE
507.0,pid,162.0,0.0,60.0,599.9999,82.0103,232.1595,121.6877,86.3443,172.8309,0.685578,False,NONE
508.0,pid,162.0,0.0,60.0,599.9999,82.01,232.1593,121.6877,86.369,172.8309,0.685578,False,NONE
509.0,pid,162.0,0.0,60.0,599.9999,82.0097,232.159,121.6877,86.3937,172.8309,0.685578,False,NONE
510.0,pid,162.0,0.0,60.0,599.9999,82.0095,232.1587,121.6877,86.4183,172.8309,0.685578,False,NONE
511.0,pid,162.0,0.0,60.0,599.9999,82.0092,232.1584,121.6877,86.4428,172.8309,0.685578,False,NONE
512.0,pid,162.0,0.0,60.0,599.9999,82.0089,232.1582,121.6877,86.4673,172.8309,0.685578,False,NONE
513.0,pid,162.0,0.0,60.0,599.9999,82.0087,232.1579,121.6877,86.4918,172.8309,0.685578,False,NONE
514.0,pid,162.0,0.0,60.0,599.9999,82.0084,232.1577,121.6877,86.5162,172.8309,0.685578,False,NONE
515.0,pid,162.0,0.0,60.0,599.9999,82.0082,232.1574,121.6877,86.5406,172.8309,0.685578,False,NONE
516.0,pid,162.0,0.0,60.0,599.9999,82.0079,232.1572,121.6877,86.5649,172.8309,0.685578,False,NONE
517.0,pid,162.0,0.0,60.0,599.9999,82.0077,232.157,121.6877,86.5891,172.8309,0.685578,False,NONE
518.0,pid,162.0,0.0,60.0,599.9999,82.0075,232.1567,121.6877,86.6133,172.8309,0.685578,False,NONE
519.0,pid,162.0,0.0,60.0,599.9999,82.0073,232.1565,121.6877,86.6375,172.8309,0.685578,False,NONE
520.0,pid,162.0,0.0,60.0,599.9999,82.0071,232.1563,121.6877,86.6616,172.8309,0.685578,False,NONE
521.0,pid,162.0,0.000921,60.0,599.9999,82.0069,232.1561,121.6877,86.6857,172.8309,0.685578,False,NONE
522.0,pid,162.0,0.001842,60.0,599.9999,82.0067,232.1559,121.6877,86.7097,172.8309,0.685578,False,NONE
523.0,pid,162.0,0.002763,60.0,599.9999,82.0065,232.1557,121.6877,86.7336,172.8309,0.685578,False,NONE
524.0,pid,162.0,0.003684,60.0,600.0,82.0063,232.1555,121.6877,86.7575,172.8309,0.685578,False,NONE
525.0,pid,162.0,0.004605,60.0,600.0,82.0061,232.1554,121.6877,86.7814,172.8309,0.685578,False,NONE
526.0,pid,162.0,0.005526,60.0,600.0,82.006,232.1552,121.6877,86.8052,172.8309,0.685578,False,NONE
527.0,pid,162.0,0.006447,60.0,600.0,82.0058,232.155,121.6877,86.8289,172.8309,0.685578,False,NONE
528.0,pid,162.0,0.007368,60.0,600.0,82.0056,232.1548,121.6877,86.8526,172.8309,0.685578,False,NONE
529.0,pid,162.0,0.008289,60.0,600.0,82.0055,232.1547,121.6877,86.8763,172.8309,0.685578,False,NONE
530.0,pid,162.0,0.009211,60.0,600.0,82.0053,232.1545,121.6877,86.8999,172.8309,0.685578,False,NONE
531.0,pid,162.0,0.010132,60.0,600.0,82.0051,232.1544,121.6877,86.9235,172.8309,0.685578,False,NONE
532.0,pid,162.0,0.011053,60.0,600.0,82.005,232.1542,121.6877,86.947,172.8309,0.685578,False,NONE
533.0,pid,162.0,0.011974,60.0,600.0,82.0049,232.1541,121.6877,86.9704,172.8309,0.685578,False,NONE
534.0,pid,162.0,0.012895,60.0,600.0,82.0047,232.1539,121.6877,86.9938,172.8309,0.685578,False,NONE
535.0,pid,162.0,0.013816,60.0,600.0,82.0046,232.1538,121.6877,87.0172,172.8309,0.685578,False,NONE
536.0,pid,162.0,0.014737,60.0,600.0,82.0045,232.1537,121.6877,87.0405,172.8309,0.685578,False,NONE
537.0,pid,162.0,0.015658,60.0,600.0,82.0043,232.1536,121.6877,87.0638,172.8309,0.685578,False,NONE
538.0,pid,162.0,0.016579,60.0,600.0,82.0042,232.1534,121.6877,87.087,172.8309,0.685578,False,NONE
539.0,pid,162.0,0.0175,60.0,600.0,82.0041,232.1533,121.6877,87.1102,172.8309,0.685578,False,NONE
540.0,pid,162.0,0.018421,60.0,600.0,82.004,232.1532,121.6877,87.1333,172.8309,0.685578,False,NONE
541.0,pid,162.0,0.019342,60.0,600.0,82.0039,232.1531,121.6877,87.1564,172.8309,0.685578,False,NONE
542.0,pid,162.0,0.020263,60.0,600.0,82.0037,232.153,121.6877,87.1794,172.8309,0.685578,False,NONE
543.0,pid,162.0,0.021184,60.0,600.0,82.0036,232.1529,121.6877,87.2024,172.8309,0.685578,False,NONE
544.0,pid,162.0,0.022105,60.0,600.0,82.0035,232.1528,121.6877,87.2253,172.8309,0.685578,False,NONE
545.0,pid,162.0,0.023026,60.0,600.0,82.0034,232.1527,121.6877,87.2482,172.8309,0.685578,False,NONE
546.0,pid,162.0,0.023947,60.0,600.0,82.0033,232.1526,121.6877,87.271,172.8309,0.685578,False,NONE
547.0,pid,162.0,0.024868,60.0,600.0,82.0032,232.1525,121.6877,87.2938,172.8309,0.685578,False,NONE
548.0,pid,162.0,0.025789,60.0,600.0,82.0031,232.1524,121.6877,87.3165,172.8309,0.685578,False,NONE
549.0,pid,162.0,0.026711,60.0,600.0,82.0031,232.1523,121.6877,87.3392,172.8309,0.685578,False,NONE
550.0,pid,162.0,0.027632,60.0,600.0,82.003,232.1522,121.6877,87.3618,172.8309,0.685578,False,NONE
551.0,pid,162.0,0.028553,60.0,600.0,82.0029,232.1521,121.6877,87.3844,172.8309,0.685578,False,NONE
552.0,pid,162.0,0.029474,60.0,600.0,82.0028,232.152,121.6877,87.407,172.8309,0.685578,False,NONE
553.0,pid,162.0,0.030395,60.0,600.0,82.0027,232.1519,121.6877,87.4295,172.8309,0.685578,False,NONE
554.0,pid,162.0,0.031316,60.0,600.0,82.0026,232.1519,121.6877,87.4519,172.8309,0.685578,False,NONE
555.0,pid,162.0,0.032237,60.0,600.0,82.0026,232.1518,121.6877,87.4744,172.8309,0.685578,False,NONE
556.0,pid,162.0,0.033158,60.0,600.0,82.0025,232.1517,121.6877,87.4967,172.8309,0.685578,False,NONE
557.0,pid,162.0,0.034079,60.0,600.0,82.0024,232.1516,121.6878,87.519,172.8309,0.685578,False,NONE
558.0,pid,162.0,0.035,60.0,600.0,82.0024,232.1516,121.6878,87.5413,172.8309,0.685578,False,NONE
559.0,pid,162.0,0.035921,60.0,600.0,82.0023,232.1515,121.6878,87.5635,172.8309,0.685578,False,NONE
560.0,pid,162.0,0.036842,60.0,600.0,82.0022,232.1514,121.6878,87.5857,172.8309,0.685578,False,NONE
561.0,pid,162.0,0.037763,60.0,600.0,82.0022,232.1514,121.6878,87.6078,172.8309,0.685578,False,NONE
562.0,pid,162.0,0.038684,60.0,600.0,82.0021,232.1513,121.6878,87.6299,172.8309,0.685578,False,NONE
563.0,pid,162.0,0.039605,60.0,600.0,82.002,232.1513,121.6878,87.6519,172.8309,0.685578,False,NONE
564.0,pid,162.0,0.040526,60.0,600.0,82.002,232.1512,121.6878,87.6739,172.8309,0.685578,False,NONE
565.0,pid,162.0,0.041447,60.0,600.0,82.0019,232.1511,121.6878,87.6959,172.8309,0.685578,False,NONE
566.0,pid,162.0,0.042368,60.0,600.0,82.0019,232.1511,121.6878,87.7178,172.8309,0.685578,False,NONE
567.0,pid,162.0,0.043289,60.0,600.0,82.0018,232.151,121.6878,87.7396,172.8309,0.685578,False,NONE
568.0,pid,162.0,0.044211,60.0,600.0,82.0018,232.151,121.6878,87.7614,172.8309,0.685578,False,NONE
569.0,pid,162.0,0.045132,60.0,600.0,82.0017,232.1509,121.6878,87.7832,172.8309,0.685578,False,NONE
570.0,pid,162.0,0.046053,60.0,600.0,82.0017,232.1509,121.6878,87.8049,172.8309,0.685578,False,NONE
571.0,pid,162.0,0.046974,60.0,600.0,82.0016,232.1508,121.6878,87.8266,172.8309,0.685578,False,NONE
572.0,pid,162.0,0.047895,60.0,600.0,82.0016,232.1508,121.6878,87.8482,172.8309,0.685578,False,NONE
573.0,pid,162.0,0.048816,60.0,600.0,82.0015,232.1507,121.6878,87.8698,172.8309,0.685578,False,NONE
574.0,pid,162.0,0.049737,60.0,600.0,82.0015,232.1507,121.6878,87.8913,172.8309,0.685578,False,NONE
575.0,pid,162.0,0.050658,60.0,600.0,82.0014,232.1507,121.6878,87.9128,172.8309,0.685578,False,NONE
576.0,pid,162.0,0.051579,60.0,600.0,82.0014,232.1506,121.6878,87.9343,172.8309,0.685578,False,NONE
577.0,pid,162.0,0.0525,60.0,600.0,82.0014,232.1506,121.6878,87.9557,172.8309,0.685578,False,NONE
578.0,pid,162.0,0.053421,60.0,600.0,82.0013,232.1505,121.6878,87.977,172.8309,0.685578,False,NONE
579.0,pid,162.0,0.054342,60.0,600.0,82.0013,232.1505,121.6878,87.9984,172.8309,0.685578,False,NONE
580.0,pid,162.0,0.055263,60.0,600.0,82.0012,232.1505,121.6878,88.0196,172.8309,0.685578,False,NONE
581.0,pid,162.0,0.056184,60.0,600.0,82.0012,232.1504,121.6878,88.0409,172.8309,0.685578,False,NONE
582.0,pid,162.0,0.057105,60.0,600.0,82.0012,232.1504,121.6878,88.062,172.8309,0.685578,False,NONE
583.0,pid,162.0,0.058026,60.0,600.0,82.0011,232.1504,121.6878,88.0832,172.8309,0.685578,False,NONE
584.0,pid,162.0,0.058947,60.0,600.0,82.0011,232.1503,121.6878,88.1043,172.8309,0.685578,False,NONE
585.0,pid,162.0,0.059868,60.0,600.0,82.0011,232.1503,121.6878,88.1253,172.8309,0.685578,False,NONE
586.0,pid,162.0,0.060789,60.0,600.0,82.001,232.1503,121.6878,88.1463,172.8309,0.685578,False,NONE
587.0,pid,162.0,0.061711,60.0,600.0,82.001,232.1502,121.6878,88.1673,172.8309,0.685578,False,NONE
588.0,pid,162.0,0.062632,60.0,600.0,82.001,232.1502,121.6878,88.1882,172.8309,0.685578,False,NONE
589.0,pid,162.0,0.063553,60.0,600.0,82.001,232.1502,121.6878,88.2091,172.8309,0.685578,False,NONE
590.0,pid,162.0,0.064474,60.0,600.0,82.0009,232.1502,121.6878,88.2299,172.8309,0.685578,False,NONE
591.0,pid,162.0,0.065395,60.0,600.0,82.0009,232.1501,121.6878,88.2507,172.8309,0.685578,False,NONE
592.0,pid,162.0,0.066316,60.0,600.0,82.0009,232.1501,121.6878,88.2714,172.8309,0.685578,False,NONE
593.0,pid,162.0,0.067237,60.0,600.0,82.0009,232.1501,121.6878,88.2921,172.8309,0.685578,False,NONE
594.0,pid,162.0,0.068158,60.0,600.0,82.0008,232.1501,121.6878,88.3128,172.8309,0.685578,False,NONE
595.0,pid,162.0,0.069079,60.0,600.0,82.0008,232.15,121.6878,88.3334,172.8309,0.685578,False,NONE
596.0,pid,162.0,0.07,60.0,600.0,82.0008,232.15,121.6878,88.354,172.8309,0.685578,False,NONE
597.0,pid,162.0,0.070921,60.0,600.0,82.0008,232.15,121.6878,88.3745,172.8309,0.685578,False,NONE
598.0,pid,162.0,0.071842,60.0,600.0,82.0007,232.15,121.6878,88.395,172.8309,0.685578,False,NONE
599.0,pid,162.0,0.072763,60.0,600.0,82.0007,232.1499,121.6878,88.4154,172.8309,0.685578,False,NONE
600.0,pid,162.0,0.073684,60.0,600.0,82.0007,232.1499,121.6878,88.4358,172.8309,0.685578,False,NONE
601.0,pid,162.0,0.074605,60.0,600.0,82.0007,232.1499,121.6878,88.4562,172.8309,0.685578,False,NONE
602.0,pid,162.0,0.075526,60.0,600.0,82.0007,232.1499,121.6878,88.4765,172.8309,0.685578,False,NONE
603.0,pid,162.0,0.076447,60.0,600.0,82.0006,232.1499,121.6878,88.4968,172.8309,0.685578,False,NONE
604.0,pid,162.0,0.077368,60.0,600.0,82.0006,232.1498,121.6878,88.517,172.8309,0.685578,False,NONE
605.0,pid,162.0,0.078289,60.0,600.0,82.0006,232.1498,121.6878,88.5372,172.8309,0.685578,False,NONE
606.0,pid,162.0,0.079211,60.0,600.0,82.0006,232.1498,121.6878,88.5574,172.8309,0.685578,False,NONE
607.0,pid,162.0,0.080132,60.0,600.0,82.0006,232.1498,121.6878,88.5775,172.8309,0.685578,False,NONE
608.0,pid,162.0,0.081053,60.0,600.0,82.0006,232.1498,121.6878,88.5975,172.8309,0.685578,False,NONE
609.0,pid,162.0,0.081974,60.0,600.0,82.0005,232.1498,121.6878,88.6175,172.8309,0.685578,False,NONE
610.0,pid,162.0,0.082895,60.0,600.0,82.0005,232.1497,121.6878,88.6375,172.8309,0.685578,False,NONE
611.0,pid,162.0,0.083816,60.0,600.0,82.0005,232.1497,121.6878,88.6575,172.8309,0.685578,False,NONE
612.0,pid,162.0,0.084737,60.0,600.0,82.0005,232.1497,121.6878,88.6774,172.8309,0.685578,False,NONE
613.0,pid,162.0,0.085658,60.0,600.0,82.0005,232.1497,121.6878,88.6972,172.8309,0.685578,False,NONE
614.0,pid,162.0,0.086579,60.0,600.0,82.0005,232.1497,121.6878,88.717,172.8309,0.685578,False,NONE
615.0,pid,162.0,0.0875,60.0,600.0,82.0005,232.1497,121.6878,88.7368,172.8309,0.685578,False,NONE
616.0,pid,162.0,0.088421,60.0,600.0,82.0004,232.1497,121.6878,88.7565,172.8309,0.685578,False,NONE
617.0,pid,162.0,0.089342,60.0,600.0,82.0004,232.1496,121.6878,88.7762,172.8309,0.685578,False,NONE
618.0,pid,162.0,0.090263,60.0,600.0,82.0004,232.1496,121.6878,88.7959,172.8309,0.685578,False,NONE
619.0,pid,162.0,0.091184,60.0,600.0,82.0004,232.1496,121.6878,88.8155,172.8309,0.685578,False,NONE
620.0,pid,162.0,0.092105,60.0,600.0,82.0004,232.1496,121.6878,88.835,172.8309,0.685578,False,NONE
621.0,pid,162.0,0.093026,60.0,600.0,82.0004,232.1496,121.6878,88.8546,172.8309,0.685578,False,NONE
622.0,pid,162.0,0.093947,60.0,600.0,82.0004,232.1496,121.6878,88.8741,172.8309,0.685578,False,NONE
623.0,pid,162.0,0.094868,60.0,600.0,82.0004,232.1496,121.6878,88.8935,172.8309,0.685578,False,NONE
624.0,pid,162.0,0.095789,60.0,600.0,82.0003,232.1496,121.6878,88.9129,172.8309,0.685578,False,NONE
625.0,pid,162.0,0.096711,60.0,600.0,82.0003,232.1496,121.6878,88.9323,172.8309,0.685578,False,NONE
626.0,pid,162.0,0.097632,60.0,600.0,82.0003,232.1495,121.6878,88.9516,172.8309,0.685578,False,NONE
627.0,pid,162.0,0.098553,60.0,600.0,82.0003,232.1495,121.6878,88.9709,172.8309,0.685578,False,NONE
628.0,pid,162.0,0.099474,60.0,600.0,82.0003,232.1495,121.6878,88.9901,172.8309,0.685578,False,NONE
629.0,pid,162.0,0.100395,60.0,600.0,82.0003,232.1495,121.6878,89.0093,172.8309,0.685578,False,NONE
630.0,pid,162.0,0.101316,60.0,600.0,82.0003,232.1495,121.6878,89.0285,172.8309,0.685578,False,NONE
631.0,pid,162.0,0.102237,60.0,600.0,82.0003,232.1495,121.6878,89.0476,172.8309,0.685578,False,NONE
632.0,pid,162.0,0.103158,60.0,600.0,82.0003,232.1495,121.6878,89.0667,172.8309,0.685578,False,NONE
633.0,pid,162.0,0.104079,60.0,600.0,82.0003,232.1495,121.6878,89.0857,172.8309,0.685578,False,NONE
634.0,pid,162.0,0.105,60.0,600.0,82.0003,232.1495,121.6878,89.1047,172.8309,0.685578,False,NONE
635.0,pid,162.0,0.105921,60.0,600.0,82.0003,232.1495,121.6878,89.1237,172.8309,0.685578,False,NONE
636.0,pid,162.0,0.106842,60.0,600.0,82.0002,232.1495,121.6878,89.1426,172.8309,0.685578,False,NONE
637.0,pid,162.0,0.107763,60.0,600.0,82.0002,232.1495,121.6878,89.1615,172.8309,0.685578,False,NONE
638.0,pid,162.0,0.108684,60.0,600.0,82.0002,232.1495,121.6878,89.1804,172.8309,0.685578,False,NONE
639.0,pid,162.0,0.109605,60.0,600.0,82.0002,232.1494,121.6878,89.1992,172.8309,0.685578,False,NONE
640.0,pid,162.0,0.110526,60.0,600.0,82.0002,232.1494,121.6878,89.2179,172.8309,0.685578,False,NONE
641.0,pid,162.0,0.111447,60.0,600.0,82.0002,232.1494,121.6878,89.2367,172.8309,0.685578,False,NONE
642.0,pid,162.0,0.112368,60.0,600.0,82.0002,232.1494,121.6878,89.2554,172.8309,0.685578,False,NONE
643.0,pid,162.0,0.113289,60.0,600.0,82.0002,232.1494,121.6878,89.274,172.8309,0.685578,False,NONE
644.0,pid,162.0,0.114211,60.0,600.0,82.0002,232.1494,121.6878,89.2926,172.8309,0.685578,False,NONE
645.0,pid,162.0,0.115132,60.0,600.0,82.0002,232.1494,121.6878,89.3112,172.8309,0.685578,False,NONE
646.0,pid,162.0,0.116053,60.0,600.0,82.0002,232.1494,121.6878,89.3297,172.8309,0.685578,False,NONE
647.0,pid,162.0,0.116974,60.0,600.0,82.0002,232.1494,121.6878,89.3482,172.8309,0.685578,False,NONE
648.0,pid,162.0,0.117895,60.0,600.0,82.0002,232.1494,121.6878,89.3667,172.8309,0.685578,False,NONE
649.0,pid,162.0,0.118816,60.0,600.0,82.0002,232.1494,121.6878,89.3851,172.8309,0.685578,False,NONE
650.0,pid,162.0,0.119737,60.0,600.0,82.0002,232.1494,121.6878,89.4035,172.8309,0.685578,False,NONE
651.0,pid,162.0,0.120658,60.0,600.0,82.0002,232.1494,121.6878,89.4218,172.8309,0.685578,False,NONE
652.0,pid,162.0,0.121579,60.0,600.0,82.0002,232.1494,121.6878,89.4401,172.8309,0.685578,False,NONE
653.0,pid,162.0,0.1225,60.0,600.0,82.0002,232.1494,121.6878,89.4584,172.8309,0.685578,False,NONE
654.0,pid,162.0,0.123421,60.0,600.0,82.0001,232.1494,121.6878,89.4766,172.8309,0.685578,False,NONE
655.0,pid,162.0,0.124342,60.0,600.0,82.0001,232.1494,121.6878,89.4948,172.8309,0.685578,False,NONE
656.0,pid,162.0,0.125263,60.0,600.0,82.0001,232.1494,121.6878,89.513,172.8309,0.685578,False,NONE
657.0,pid,162.0,0.126184,60.0,600.0,82.0001,232.1494,121.6878,89.5311,172.8309,0.685578,False,NONE
658.0,pid,162.0,0.127105,60.0,600.0,82.0001,232.1493,121.6878,89.5491,172.8309,0.685578,False,NONE
659.0,pid,162.0,0.128026,60.0,600.0,82.0001,232.1493,121.6878,89.5672,172.8309,0.685578,False,NONE
660.0,pid,162.0,0.128947,60.0,600.0,82.0001,232.1493,121.6878,89.5852,172.8309,0.685578,False,NONE
661.0,pid,162.0,0.129868,60.0,600.0,82.0001,232.1493,121.6878,89.6032,172.8309,0.685578,False,NONE
662.0,pid,162.0,0.130789,60.0,600.0,82.0001,232.1493,121.6878,89.6211,172.8309,0.685578,False,NONE
663.0,pid,162.0,0.131711,60.0,600.0,82.0001,232.1493,121.6878,89.639,172.8309,0.685578,False,NONE
664.0,pid,162.0,0.132632,60.0,600.0,82.0001,232.1493,121.6878,89.6568,172.8309,0.685578,False,NONE
665.0,pid,162.0,0.133553,60.0,600.0,82.0001,232.1493,121.6878,89.6746,172.8309,0.685578,False,NONE
666.0,pid,162.0,0.134474,60.0,600.0,82.0001,232.1493,121.6878,89.6924,172.8309,0.685578,False,NONE
667.0,pid,162.0,0.135395,60.0,600.0,82.0001,232.1493,121.6878,89.7102,172.8309,0.685578,False,NONE
668.0,pid,162.0,0.136316,60.0,600.0,82.0001,232.1493,121.6878,89.7279,172.8309,0.685578,False,NONE
669.0,pid,162.0,0.137237,60.0,600.0,82.0001,232.1493,121.6878,89.7455,172.8309,0.685578,False,NONE
670.0,pid,162.0,0.138158,60.0,600.0,82.0001,232.1493,121.6878,89.7631,172.8309,0.685578,False,NONE
671.0,pid,162.0,0.139079,60.0,600.0,82.0001,232.1493,121.6878,89.7807,172.8309,0.685578,False,NONE
672.0,pid,162.0,0.14,60.0,600.0,82.0001,232.1493,121.6878,89.7983,172.8309,0.685578,False,NONE
673.0,pid,162.0,0.140921,60.0,600.0,82.0001,232.1493,121.6878,89.8158,172.8309,0.685578,False,NONE
674.0,pid,162.0,0.141842,60.0,600.0,82.0001,232.1493,121.6878,89.8333,172.8309,0.685578,False,NONE
675.0,pid,162.0,0.142763,60.0,600.0,82.0001,232.1493,121.6878,89.8507,172.8309,0.685578,False,NONE
676.0,pid,162.0,0.143684,60.0,600.0,82.0001,232.1493,121.6878,89.8682,172.8309,0.685578,False,NONE
677.0,pid,162.0,0.144605,60.0,600.0,82.0001,232.1493,121.6878,89.8855,172.8309,0.685578,False,NONE
678.0,pid,162.0,0.145526,60.0,600.0,82.0001,232.1493,121.6878,89.9029,172.8309,0.685578,False,NONE
679.0,pid,162.0,0.146447,60.0,600.0,82.0001,232.1493,121.6878,89.9202,172.8309,0.685578,False,NONE
680.0,pid,162.0,0.147368,60.0,600.0,82.0001,232.1493,121.6878,89.9374,172.8309,0.685578,False,NONE
681.0,pid,162.0,0.148289,60.0,600.0,82.0001,232.1493,121.6878,89.9547,172.8309,0.685578,False,NONE
682.0,pid,162.0,0.149211,60.0,600.0,82.0001,232.1493,121.6878,89.9719,172.8309,0.685578,False,NONE
683.0,pid,162.0,0.150132,60.0,600.0,82.0001,232.1493,121.6878,89.989,172.8309,0.685578,False,NONE
684.0,pid,162.0,0.151053,60.0,600.0,82.0001,232.1493,121.6878,90.0061,172.8309,0.685578,False,NONE
685.0,pid,162.0,0.151974,60.0,600.0,82.0001,232.1493,121.6878,90.0232,172.8309,0.685578,False,NONE
686.0,pid,162.0,0.152895,60.0,600.0,82.0001,232.1493,121.6878,90.0403,172.8309,0.685578,False,NONE
687.0,pid,162.0,0.153816,60.0,600.0,82.0001,232.1493,121.6878,90.0573,172.8309,0.685578,False,NONE
688.0,pid,162.0,0.154737,60.0,600.0,82.0001,232.1493,121.6878,90.0743,172.8309,0.685578,False,NONE
689.0,pid,162.0,0.155658,60.0,600.0,82.0001,232.1493,121.6878,90.0912,172.8309,0.685578,False,NONE
690.0,pid,162.0,0.156579,60.0,600.0,82.0001,232.1493,121.6878,90.1081,172.8309,0.685578,False,NONE
691.0,pid,162.0,0.1575,60.0,600.0,82.0001,232.1493,121.6878,90.125,172.8309,0.685578,False,NONE
692.0,pid,162.0,0.158421,60.0,600.0,82.0,232.1493,121.6878,90.1418,172.8309,0.685578,False,NONE
693.0,pid,162.0,0.159342,60.0,600.0,82.0,232.1493,121.6878,90.1586,172.8309,0.685578,False,NONE
694.0,pid,162.0,0.160263,60.0,600.0,82.0,232.1493,121.6878,90.1754,172.8309,0.685578,False,NONE
695.0,pid,162.0,0.161184,60.0,600.0,82.0,232.1493,121.6878,90.1921,172.8309,0.685578,False,NONE
696.0,pid,162.0,0.162105,60.0,600.0,82.0,232.1493,121.6878,90.2088,172.8309,0.685578,False,NONE
697.0,pid,162.0,0.163026,60.0,600.0,82.0,232.1493,121.6878,90.2255,172.8309,0.685578,False,NONE
698.0,pid,162.0,0.163947,60.0,600.0,82.0,232.1493,121.6878,90.2421,172.8309,0.685578,False,NONE
699.0,pid,162.0,0.164868,60.0,600.0,82.0,232.1493,121.6878,90.2587,172.8309,0.685578,False,NONE
700.0,pid,162.0,0.165789,60.0,600.0,82.0,232.1493,121.6878,90.2753,172.8309,0.685578,False,NONE
701.0,pid,162.0,0.166711,60.0,600.0,82.0,232.1493,121.6878,90.2918,172.8309,0.685578,False,NONE
702.0,pid,162.0,0.167632,60.0,600.0,82.0,232.1493,121.6878,90.3083,172.8309,0.685578,False,NONE
703.0,pid,162.0,0.168553,60.0,600.0,82.0,232.1493,121.6878,90.3248,172.8309,0.685578,False,NONE
704.0,pid,162.0,0.169474,60.0,600.0,82.0,232.1493,121.6878,90.3412,172.8309,0.685578,False,NONE
705.0,pid,162.0,0.170395,60.0,600.0,82.0,232.1493,121.6878,90.3576,172.8309,0.685578,False,NONE
706.0,pid,162.0,0.171316,60.0,600.0,82.0,232.1493,121.6878,90.3739,172.8309,0.685578,False,NONE
707.0,pid,162.0,0.172237,60.0,600.0,82.0,232.1493,121.6878,90.3903,172.8309,0.685578,False,NONE
708.0,pid,162.0,0.173158,60.0,600.0,82.0,232.1493,121.6878,90.4065,172.8309,0.685578,False,NONE
709.0,pid,162.0,0.174079,60.0,600.0,82.0,232.1492,121.6878,90.4228,172.8309,0.685578,False,NONE
710.0,pid,162.0,0.175,60.0,600.0,82.0,232.1492,121.6878,90.439,172.8309,0.685578,False,NONE
711.0,pid,162.0,0.175921,60.0,600.0,82.0,232.1492,121.6878,90.4552,172.8309,0.685578,False,NONE
712.0,pid,162.0,0.176842,60.0,600.0,82.0,232.1492,121.6878,90.4714,172.8309,0.685578,False,NONE
713.0,pid,162.0,0.177763,60.0,600.0,82.0,232.1492,121.6878,90.4875,172.8309,0.685578,False,NONE
714.0,pid,162.0,0.178684,60.0,600.0,82.0,232.1492,121.6878,90.5036,172.8309,0.685578,False,NONE
715.0,pid,162.0,0.179605,60.0,600.0,82.0,232.1492,121.6878,90.5196,172.8309,0.685578,False,NONE
716.0,pid,162.0,0.180526,60.0,600.0,82.0,232.1492,121.6878,90.5356,172.8309,0.685578,False,NONE
717.0,pid,162.0,0.181447,60.0,600.0,82.0,232.1492,121.6878,90.5516,172.8309,0.685578,False,NONE
718.0,pid,162.0,0.182368,60.0,600.0,82.0,232.1492,121.6878,90.5676,172.8309,0.685578,False,NONE
719.0,pid,162.0,0.183289,60.0,600.0,82.0,232.1492,121.6878,90.5835,172.8309,0.685578,False,NONE
720.0,pid,162.0,0.184211,60.0,600.0,82.0,232.1492,121.6878,90.5994,172.8309,0.685578,False,NONE
721.0,pid,162.0,0.185132,60.0,600.0,82.0,232.1492,121.6878,90.6152,172.8309,0.685578,False,NONE
722.0,pid,162.0,0.186053,60.0,600.0,82.0,232.1492,121.6878,90.631,172.8309,0.685578,False,NONE
723.0,pid,162.0,0.186974,60.0,600.0,82.0,232.1492,121.6878,90.6468,172.8309,0.685578,False,NONE
724.0,pid,162.0,0.187895,60.0,600.0,82.0,232.1492,121.6878,90.6626,172.8309,0.685578,False,NONE
725.0,pid,162.0,0.188816,60.0,600.0,82.0,232.1492,121.6878,90.6783,172.8309,0.685578,False,NONE
726.0,pid,162.0,0.189737,60.0,600.0,82.0,232.1492,121.6878,90.694,172.8309,0.685578,False,NONE
727.0,pid,162.0,0.190658,60.0,600.0,82.0,232.1492,121.6878,90.7096,172.8309,0.685578,False,NONE
728.0,pid,162.0,0.191579,60.0,600.0,82.0,232.1492,121.6878,90.7252,172.8309,0.685578,False,NONE
729.0,pid,162.0,0.1925,60.0,600.0,82.0,232.1492,121.6878,90.7408,172.8309,0.685578,False,NONE
730.0,pid,162.0,0.193421,60.0,600.0,82.0,232.1492,121.6878,90.7564,172.8309,0.685578,False,NONE
731.0,pid,162.0,0.194342,60.0,600.0,82.0,232.1492,121.6878,90.7719,172.8309,0.685578,False,NONE
732.0,pid,162.0,0.195263,60.0,600.0,82.0,232.1492,121.6878,90.7874,172.8309,0.685578,False,NONE
733.0,pid,162.0,0.196184,60.0,600.0,82.0,232.1492,121.6878,90.8029,172.8309,0.685578,False,NONE
734.0,pid,162.0,0.197105,60.0,600.0,82.0,232.1492,121.6878,90.8183,172.8309,0.685578,False,NONE
735.0,pid,162.0,0.198026,60.0,600.0,82.0,232.1492,121.6878,90.8337,172.8309,0.685578,False,NONE
736.0,pid,162.0,0.198947,60.0,600.0,82.0,232.1492,121.6878,90.849,172.8309,0.685578,False,NONE
737.0,pid,162.0,0.199868,60.0,600.0,82.0,232.1492,121.6878,90.8644,172.8309,0.685578,False,NONE
738.0,pid,162.0,0.200789,60.0,600.0,82.0,232.1492,121.6878,90.8797,172.8309,0.685578,False,NONE
739.0,pid,162.0,0.201711,60.0,600.0,82.0,232.1492,121.6878,90.8949,172.8309,0.685578,False,NONE
740.0,pid,162.0,0.202632,60.0,600.0,82.0,232.1492,121.6878,90.9102,172.8309,0.685578,False,NONE
741.0,pid,162.0,0.203553,60.0,600.0,82.0,232.1492,121.6878,90.9254,172.8309,0.685578,False,NONE
742.0,pid,162.0,0.204474,60.0,599.9942,82.0,232.1501,121.6875,90.9405,172.8305,0.685576,False,NONE
743.0,pid,162.0,0.205395,60.0,599.9712,82.0001,232.1536,121.6864,90.9557,172.8289,0.685572,False,NONE
744.0,pid,162.0,0.206316,60.0,599.9316,82.0004,232.1597,121.6845,90.9708,172.8262,0.685564,False,NONE
745.0,pid,162.0,0.207237,60.0,599.876,82.0009,232.1684,121.6818,90.9859,172.8225,0.685553,False,NONE
746.0,pid,162.0,0.208158,60.0,599.8047,82.0016,232.1796,121.6784,91.0009,172.8176,0.685538,False,NONE
747.0,pid,162.0,0.209079,60.0,599.7183,82.0026,232.1934,121.6743,91.0159,172.8118,0.685521,False,NONE
748.0,pid,162.0,0.21,60.0,599.6173,82.004,232.2096,121.6695,91.0309,172.8049,0.685501,False,NONE
749.0,pid,162.0,0.210921,60.0,599.5022,82.0058,232.2284,121.6639,91.0458,172.7971,0.685478,False,NONE
750.0,pid,162.0,0.211842,60.0,599.3733,82.008,232.2496,121.6578,91.0607,172.7883,0.685452,False,NONE
751.0,pid,162.0,0.212763,60.0,599.2313,82.0107,232.2732,121.651,91.0756,172.7786,0.685423,False,NONE
752.0,pid,162.0,0.213684,60.0,599.0764,82.0139,232.2993,121.6435,91.0904,172.7681,0.685392,False,NONE
753.0,pid,162.0,0.214605,60.0,598.9091,82.0177,232.3277,121.6355,91.1052,172.7566,0.685358,False,NONE
754.0,pid,162.0,0.215526,60.0,598.7298,82.022,232.3584,121.6268,91.1199,172.7444,0.685322,False,NONE
755.0,pid,162.0,0.216447,60.0,598.5389,82.0269,232.3914,121.6176,91.1347,172.7313,0.685283,False,NONE
756.0,pid,162.0,0.217368,60.0,598.3368,82.0325,232.4267,121.6079,91.1493,172.7174,0.685242,False,NONE
757.0,pid,162.0,0.218289,60.0,598.1239,82.0387,232.4642,121.5976,91.164,172.7028,0.685199,False,NONE
758.0,pid,162.0,0.219211,60.0,597.9004,82.0456,232.504,121.5867,91.1786,172.6874,0.685154,False,NONE
759.0,pid,162.0,0.220132,60.0,597.6668,82.0532,232.5459,121.5754,91.1931,172.6713,0.685106,False,NONE
760.0,pid,162.0,0.221053,60.0,597.4234,82.0615,232.59,121.5636,91.2077,172.6545,0.685057,False,NONE
761.0,pid,162.0,0.221974,60.0,597.1705,82.0705,232.6361,121.5512,91.2221,172.637,0.685005,False,NONE
762.0,pid,162.0,0.222895,60.0,596.9085,82.0803,232.6843,121.5384,91.2366,172.6188,0.684952,False,NONE
763.0,pid,162.0,0.223816,60.0,596.6376,82.0908,232.7346,121.5252,91.251,172.6,0.684896,False,NONE
764.0,pid,162.0,0.224737,60.0,596.3581,82.1021,232.7868,121.5115,91.2653,172.5805,0.684839,False,NONE
765.0,pid,162.0,0.225658,60.0,596.0705,82.1141,232.8411,121.4973,91.2797,172.5604,0.68478,False,NONE
766.0,pid,162.0,0.226579,60.0,595.7748,82.127,232.8972,121.4828,91.2939,172.5397,0.684719,False,NONE
767.0,pid,162.0,0.2275,60.0,595.4714,82.1406,232.9553,121.4678,91.3082,172.5185,0.684656,False,NONE
768.0,pid,162.0,0.228421,60.0,595.1606,82.155,233.0152,121.4524,91.3224,172.4966,0.684592,False,NONE
769.0,pid,162.0,0.229342,60.0,594.8426,82.1702,233.0769,121.4366,91.3365,172.4742,0.684526,False,NONE
770.0,pid,162.0,0.230263,60.0,594.5177,82.1862,233.1404,121.4205,91.3507,172.4513,0.684458,False,NONE
771.0,pid,162.0,0.231184,60.0,594.1861,82.2031,233.2057,121.404,91.3647,172.4278,0.684389,False,NONE
772.0,pid,162.0,0.232105,60.0,593.8481,82.2207,233.2727,121.3871,91.3788,172.4038,0.684319,False,NONE
773.0,pid,162.0,0.233026,60.0,593.5039,82.2391,233.3414,121.3698,91.3928,172.3793,0.684247,False,NONE
774.0,pid,162.0,0.233947,60.0,593.1536,82.2584,233.4117,121.3522,91.4067,172.3543,0.684174,False,NONE
775.0,pid,162.0,0.234868,60.0,592.7976,82.2785,233.4837,121.3343,91.4206,172.3289,0.684099,False,NONE
776.0,pid,162.0,0.235789,60.0,592.4361,82.2993,233.5572,121.316,91.4345,172.3029,0.684023,False,NONE
777.0,pid,162.0,0.236711,60.0,592.0691,82.321,233.6323,121.2974,91.4483,172.2765,0.683945,False,NONE
778.0,pid,162.0,0.237632,60.0,591.697,82.3434,233.7089,121.2786,91.4621,172.2497,0.683866,False,NONE
779.0,pid,162.0,0.238553,60.0,591.32,82.3667,233.787,121.2594,91.4758,172.2224,0.683786,False,NONE
780.0,pid,162.0,0.239474,60.0,590.9381,82.3907,233.8665,121.2399,91.4895,172.1947,0.683705,False,NONE
781.0,pid,162.0,0.240395,60.0,590.5517,82.4156,233.9475,121.2201,91.5032,172.1666,0.683623,False,NONE
782.0,pid,162.0,0.241316,60.0,590.1608,82.4412,234.0298,121.2,91.5168,172.1381,0.683539,False,NONE
783.0,pid,162.0,0.242237,60.0,589.7656,82.4676,234.1135,121.1796,91.5303,172.1092,0.683455,False,NONE
784.0,pid,162.0,0.243158,60.0,589.3664,82.4947,234.1985,121.159,91.5439,172.0799,0.683369,False,NONE
785.0,pid,162.0,0.244079,60.0,588.9632,82.5226,234.2848,121.1381,91.5573,172.0503,0.683282,False,NONE
786.0,pid,162.0,0.245,60.0,588.5563,82.5513,234.3724,121.117,91.5708,172.0203,0.683194,False,NONE
787.0,pid,162.0,0.245921,60.0,588.1457,82.5807,234.4612,121.0956,91.5842,171.9899,0.683105,False,NONE
788.0,pid,162.0,0.246842,60.0,587.7316,82.6108,234.5512,121.074,91.5975,171.9591,0.683015,False,NONE
789.0,pid,162.0,0.247763,60.0,587.3142,82.6417,234.6423,121.0521,91.6108,171.9281,0.682924,False,NONE
790.0,pid,162.0,0.248684,60.0,586.8936,82.6733,234.7346,121.03,91.6241,171.8967,0.682833,False,NONE
791.0,pid,162.0,0.249605,60.0,586.47,82.7056,234.828,121.0076,91.6373,171.8649,0.68274,False,NONE
792.0,pid,162.0,0.250526,60.0,586.0433,82.7386,234.9225,120.9851,91.6504,171.8329,0.682646,False,NONE
793.0,pid,162.0,0.251447,60.0,585.6139,82.7723,235.0181,120.9623,91.6636,171.8005,0.682552,False,NONE
794.0,pid,162.0,0.252368,60.0,585.1818,82.8067,235.1147,120.9393,91.6766,171.7679,0.682457,False,NONE
795.0,pid,162.0,0.253289,60.0,584.7471,82.8418,235.2122,120.9161,91.6897,171.7349,0.68236,False,NONE
796.0,pid,162.0,0.254211,60.0,584.3099,82.8775,235.3108,120.8927,91.7027,171.7017,0.682263,False,NONE
797.0,pid,162.0,0.255132,60.0,583.8704,82.9139,235.4103,120.8691,91.7156,171.6682,0.682166,False,NONE
798.0,pid,162.0,0.256053,60.0,583.4287,82.9509,235.5107,120.8453,91.7285,171.6344,0.682067,False,NONE
799.0,pid,162.0,0.256974,60.0,582.9848,82.9885,235.6119,120.8213,91.7414,171.6003,0.681968,False,NONE
800.0,pid,162.0,0.257895,60.0,582.5389,83.0268,235.7141,120.7972,91.7542,171.566,0.681868,False,NONE
801.0,pid,162.0,0.258816,60.0,582.091,83.0657,235.8171,120.7728,91.767,171.5314,0.681767,False,NONE
802.0,pid,162.0,0.259737,60.0,581.6413,83.1052,235.9209,120.7483,91.7797,171.4966,0.681666,False,NONE
803.0,pid,162.0,0.260658,60.0,581.1898,83.1453,236.0255,120.7236,91.7924,171.4615,0.681564,False,NONE
804.0,pid,162.0,0.261579,60.0,580.7367,83.1859,236.1309,120.6988,91.805,171.4262,0.681461,False,NONE
805.0,pid,162.0,0.2625,60.0,580.282,83.2272,236.237,120.6737,91.8176,171.3907,0.681357,False,NONE
806.0,pid,162.0,0.263421,60.0,579.8258,83.2689,236.3439,120.6486,91.8301,171.3549,0.681253,False,NONE
807.0,pid,162.0,0.264342,60.0,579.3682,83.3113,236.4514,120.6232,91.8426,171.3189,0.681149,False,NONE
808.0,pid,162.0,0.265263,60.0,578.9093,83.3542,236.5596,120.5977,91.8551,171.2827,0.681043,False,NONE
809.0,pid,162.0,0.266184,60.0,578.4491,83.3976,236.6685,120.5721,91.8675,171.2463,0.680938,False,NONE
810.0,pid,162.0,0.267105,60.0,577.9878,83.4415,236.778,120.5463,91.8799,171.2097,0.680831,False,NONE
811.0,pid,162.0,0.268026,60.0,577.5253,83.4859,236.8881,120.5204,91.8922,171.1729,0.680724,False,NONE
812.0,pid,162.0,0.268947,60.0,577.0618,83.5309,236.9988,120.4943,91.9044,171.1359,0.680617,False,NONE
813.0,pid,162.0,0.269868,60.0,576.5973,83.5763,237.1101,120.4681,91.9167,171.0987,0.680509,False,NONE
814.0,pid,162.0,0.270789,60.0,576.132,83.6222,237.222,120.4418,91.9289,171.0613,0.6804,False,NONE
815.0,pid,162.0,0.271711,60.0,575.6658,83.6685,237.3343,120.4153,91.941,171.0237,0.680291,False,NONE
816.0,pid,162.0,0.272632,60.0,575.1988,83.7153,237.4472,120.3888,91.9531,170.986,0.680182,False,NONE
817.0,pid,162.0,0.273553,60.0,574.731,83.7626,237.5606,120.3621,91.9651,170.948,0.680072,False,NONE
818.0,pid,162.0,0.274474,60.0,574.2627,83.8103,237.6744,120.3352,91.9772,170.9099,0.679961,False,NONE
819.0,pid,162.0,0.275395,60.0,573.7937,83.8584,237.7887,120.3083,91.9891,170.8717,0.67985,False,NONE
820.0,pid,162.0,0.276316,60.0,573.3241,83.9069,237.9034,120.2813,92.001,170.8333,0.679739,False,NONE
821.0,pid,162.0,0.277237,60.0,572.8541,83.9558,238.0186,120.2541,92.0129,170.7947,0.679627,False,NONE
822.0,pid,162.0,0.278158,60.0,572.3836,84.0052,238.1341,120.2268,92.0247,170.756,0.679515,False,NONE
823.0,pid,162.0,0.279079,60.0,571.9127,84.0549,238.2501,120.1995,92.0365,170.7171,0.679403,False,NONE
824.0,pid,162.0,0.28,60.0,571.4415,84.105,238.3664,120.172,92.0482,170.6781,0.67929,False,NONE
825.0,pid,162.0,0.280921,60.0,570.9699,84.1554,238.483,120.1444,92.0599,170.6389,0.679176,False,NONE
826.0,pid,162.0,0.281842,60.0,570.4981,84.2062,238.6,120.1167,92.0716,170.5996,0.679063,False,NONE
827.0,pid,162.0,0.282763,60.0,570.0261,84.2574,238.7174,120.089,92.0832,170.5601,0.678948,False,NONE
828.0,pid,162.0,0.283684,60.0,569.5539,84.3088,238.835,120.0611,92.0947,170.5206,0.678834,False,NONE
829.0,pid,162.0,0.284605,60.0,569.0815,84.3607,238.9529,120.0331,92.1062,170.4809,0.678719,False,NONE
830.0,pid,162.0,0.285526,60.0,568.6091,84.4128,239.0711,120.0051,92.1177,170.441,0.678604,False,NONE
831.0,pid,162.0,0.286447,60.0,568.1366,84.4653,239.1896,119.977,92.1291,170.4011,0.678489,False,NONE
832.0,pid,162.0,0.287368,60.0,567.6641,84.518,239.3083,119.9488,92.1405,170.361,0.678373,False,NONE
833.0,pid,162.0,0.288289,60.0,567.1916,84.571,239.4273,119.9205,92.1518,170.3209,0.678257,False,NONE
834.0,pid,162.0,0.289211,60.0,566.7191,84.6244,239.5465,119.8921,92.1631,170.2806,0.678141,False,NONE
835.0,pid,162.0,0.290132,60.0,566.2467,84.678,239.6658,119.8637,92.1744,170.2401,0.678024,False,NONE
836.0,pid,162.0,0.291053,60.0,565.7744,84.7318,239.7854,119.8351,92.1856,170.1996,0.677907,False,NONE
837.0,pid,162.0,0.291974,60.0,565.3023,84.786,239.9052,119.8065,92.1967,170.159,0.67779,False,NONE
838.0,pid,162.0,0.292895,60.0,564.8303,84.8403,240.0251,119.7779,92.2078,170.1183,0.677672,False,NONE
839.0,pid,162.0,0.293816,60.0,564.3586,84.895,240.1453,119.7491,92.2189,170.0775,0.677555,False,NONE
840.0,pid,162.0,0.294737,60.0,563.887,84.9498,240.2655,119.7203,92.2299,170.0366,0.677437,False,NONE
841.0,pid,162.0,0.295658,60.0,563.4157,85.0049,240.3859,119.6914,92.2409,169.9956,0.677318,False,NONE
842.0,pid,162.0,0.296579,60.0,562.9447,85.0602,240.5064,119.6625,92.2518,169.9545,0.6772,False,NONE
843.0,pid,162.0,0.2975,60.0,562.4741,85.1157,240.627,119.6335,92.2627,169.9133,0.677081,False,NONE
844.0,pid,162.0,0.298421,60.0,562.0037,85.1715,240.7478,119.6044,92.2736,169.872,0.676962,False,NONE
845.0,pid,162.0,0.299342,60.0,561.5337,85.2274,240.8686,119.5753,92.2844,169.8306,0.676843,False,NONE
846.0,pid,162.0,0.300263,60.0,561.0641,85.2835,240.9895,119.5461,92.2951,169.7892,0.676724,False,NONE
847.0,pid,162.0,0.301184,60.0,560.5948,85.3398,241.1105,119.5169,92.3058,169.7477,0.676604,False,NONE
848.0,pid,162.0,0.302105,60.0,560.126,85.3963,241.2316,119.4876,92.3165,169.7061,0.676484,False,NONE
849.0,pid,162.0,0.303026,60.0,559.6577,85.4529,241.3527,119.4583,92.3271,169.6644,0.676364,False,NONE
850.0,pid,162.0,0.303947,60.0,559.1898,85.5098,241.4739,119.4289,92.3377,169.6226,0.676244,False,NONE
851.0,pid,162.0,0.304868,60.0,558.7224,85.5667,241.5951,119.3994,92.3482,169.5808,0.676124,False,NONE
852.0,pid,162.0,0.305789,60.0,558.2554,85.6238,241.7163,119.3699,92.3587,169.5389,0.676004,False,NONE
853.0,pid,162.0,0.306711,60.0,557.789,85.6811,241.8375,119.3404,92.3692,169.497,0.675883,False,NONE
854.0,pid,162.0,0.307632,60.0,557.3232,85.7385,241.9588,119.3108,92.3796,169.455,0.675762,False,NONE
855.0,pid,162.0,0.308553,60.0,556.8578,85.796,242.0801,119.2812,92.39,169.4129,0.675641,False,NONE
856.0,pid,162.0,0.309474,60.0,556.3931,85.8537,242.2013,119.2515,92.4003,169.3707,0.67552,False,NONE
857.0,pid,162.0,0.310395,60.0,555.9289,85.9115,242.3226,119.2218,92.4105,169.3285,0.675399,False,NONE
858.0,pid,162.0,0.311316,60.0,555.4653,85.9694,242.4438,119.192,92.4208,169.2863,0.675277,False,NONE
859.0,pid,162.0,0.312237,60.0,555.0023,86.0274,242.565,119.1623,92.431,169.244,0.675156,False,NONE
860.0,pid,162.0,0.313158,60.0,554.54,86.0855,242.6862,119.1324,92.4411,169.2016,0.675034,False,NONE
861.0,pid,162.0,0.314079,60.0,554.0783,86.1437,242.8073,119.1025,92.4512,169.1592,0.674912,False,NONE
862.0,pid,162.0,0.315,60.0,553.6172,86.202,242.9284,119.0726,92.4613,169.1167,0.67479,False,NONE
863.0,pid,162.0,0.315921,60.0,553.1568,86.2604,243.0494,119.0427,92.4713,169.0742,0.674668,False,NONE
864.0,pid,162.0,0.316842,60.0,552.6971,86.3189,243.1704,119.0127,92.4813,169.0316,0.674546,False,NONE
865.0,pid,162.0,0.317763,60.0,552.238,86.3775,243.2913,118.9827,92.4912,168.989,0.674424,False,NONE
866.0,pid,162.0,0.318684,60.0,551.7797,86.4361,243.4121,118.9527,92.5011,168.9463,0.674301,False,NONE
867.0,pid,162.0,0.319605,60.0,551.322,86.4948,243.5329,118.9226,92.5109,168.9036,0.674179,False,NONE
868.0,pid,162.0,0.320526,60.0,550.8651,86.5535,243.6535,118.8925,92.5207,168.8609,0.674056,False,NONE
869.0,pid,162.0,0.321447,60.0,550.4089,86.6123,243.7741,118.8624,92.5305,168.8181,0.673933,False,NONE
870.0,pid,162.0,0.322368,60.0,549.9534,86.6712,243.8946,118.8322,92.5402,168.7752,0.673811,False,NONE
871.0,pid,162.0,0.323289,60.0,549.4987,86.7301,244.015,118.8021,92.5499,168.7324,0.673688,False,NONE
872.0,pid,162.0,0.324211,60.0,549.0447,86.7891,244.1352,118.7718,92.5595,168.6895,0.673565,False,NONE
873.0,pid,162.0,0.325132,60.0,548.5915,86.8481,244.2554,118.7416,92.5691,168.6465,0.673442,False,NONE
874.0,pid,162.0,0.326053,60.0,548.139,86.9072,244.3754,118.7114,92.5786,168.6036,0.673318,False,NONE
875.0,pid,162.0,0.326974,60.0,547.6873,86.9663,244.4953,118.6811,92.5881,168.5606,0.673195,False,NONE
876.0,pid,162.0,0.327895,60.0,547.2364,87.0254,244.6151,118.6508,92.5976,168.5175,0.673072,False,NONE
877.0,pid,162.0,0.328816,60.0,546.7863,87.0845,244.7348,118.6205,92.607,168.4745,0.672949,False,NONE
878.0,pid,162.0,0.329737,60.0,546.337,87.1437,244.8543,118.5901,92.6164,168.4314,0.672825,False,NONE
879.0,pid,162.0,0.330658,60.0,545.8884,87.2028,244.9737,118.5598,92.6257,168.3883,0.672702,False,NONE
880.0,pid,162.0,0.331579,60.0,545.4407,87.262,245.093,118.5294,92.635,168.3451,0.672578,False,NONE
881.0,pid,162.0,0.3325,60.0,544.9938,87.3212,245.2121,118.499,92.6443,168.3019,0.672455,False,NONE
882.0,pid,162.0,0.333421,60.0,544.5477,87.3804,245.3311,118.4686,92.6535,168.2587,0.672331,False,NONE
883.0,pid,162.0,0.334342,60.0,544.1024,87.4397,245.4499,118.4381,92.6626,168.2155,0.672207,False,NONE
884.0,pid,162.0,0.335263,60.0,543.658,87.4989,245.5685,118.4077,92.6718,168.1723,0.672084,False,NONE
885.0,pid,162.0,0.336184,60.0,543.2143,87.5581,245.687,118.3772,92.6809,168.129,0.67196,False,NONE
886.0,pid,162.0,0.337105,60.0,542.7716,87.6173,245.8053,118.3468,92.6899,168.0857,0.671836,False,NONE
887.0,pid,162.0,0.338026,60.0,542.3296,87.6765,245.9234,118.3163,92.6989,168.0424,0.671712,False,NONE
888.0,pid,162.0,0.338947,60.0,541.8885,87.7357,246.0414,118.2858,92.7079,167.9991,0.671588,False,NONE
889.0,pid,162.0,0.339868,60.0,541.4482,87.7949,246.1592,118.2553,92.7168,167.9558,0.671464,False,NONE
890.0,pid,162.0,0.340789,60.0,541.0088,87.854,246.2769,118.2247,92.7257,167.9124,0.67134,False,NONE
891.0,pid,162.0,0.341711,60.0,540.5703,87.9132,246.3943,118.1942,92.7345,167.8691,0.671216,False,NONE
892.0,pid,162.0,0.342632,60.0,540.1325,87.9723,246.5116,118.1637,92.7433,167.8257,0.671092,False,NONE
893.0,pid,162.0,0.343553,60.0,539.6957,88.0314,246.6286,118.1331,92.752,167.7823,0.670968,False,NONE
894.0,pid,162.0,0.344474,60.0,539.2597,88.0905,246.7455,118.1025,92.7608,167.7389,0.670844,False,NONE
895.0,pid,162.0,0.345395,60.0,538.8246,88.1495,246.8622,118.072,92.7694,167.6954,0.67072,False,NONE
896.0,pid,162.0,0.346316,60.0,538.3903,88.2085,246.9787,118.0414,92.7781,167.652,0.670596,False,NONE
897.0,pid,162.0,0.347237,60.0,537.9569,88.2675,247.095,118.0108,92.7867,167.6086,0.670472,False,NONE
898.0,pid,162.0,0.348158,60.0,537.5244,88.3264,247.2112,117.9802,92.7952,167.5651,0.670348,False,NONE
899.0,pid,162.0,0.349079,60.0,537.0927,88.3853,247.3271,117.9496,92.8037,167.5217,0.670224,False,NONE
900.0,pid,162.0,0.35,60.0,536.662,88.4441,247.4428,117.919,92.8122,167.4782,0.6701,False,NONE
